# ORYZO-1
# Open-weight coaster model. Surface of revolution.
# Scale: 1 unit = 47 mm (94 mm diameter, 8 mm profile height).
# Radial segments: 96
# Vertices: 1826  Faces: 1920
mtllib oryzo-1.mtl
o ORYZO-1
v 0 0 0
v 0.965 0 0
v 0.962934 0 0.063114
v 0.956744 0 0.125958
v 0.946458 0 0.188262
v 0.932118 0 0.24976
v 0.913788 0 0.310189
v 0.891544 0 0.36929
v 0.865482 0 0.426809
v 0.835715 0 0.4825
v 0.802368 0 0.536125
v 0.765586 0 0.587455
v 0.725525 0 0.636269
v 0.682358 0 0.682358
v 0.636269 0 0.725525
v 0.587455 0 0.765586
v 0.536125 0 0.802368
v 0.4825 0 0.835715
v 0.426809 0 0.865482
v 0.36929 0 0.891544
v 0.310189 0 0.913788
v 0.24976 0 0.932118
v 0.188262 0 0.946458
v 0.125958 0 0.956744
v 0.063114 0 0.962934
v 0 0 0.965
v -0.063114 0 0.962934
v -0.125958 0 0.956744
v -0.188262 0 0.946458
v -0.24976 0 0.932118
v -0.310189 0 0.913788
v -0.36929 0 0.891544
v -0.426809 0 0.865482
v -0.4825 0 0.835715
v -0.536125 0 0.802368
v -0.587455 0 0.765586
v -0.636269 0 0.725525
v -0.682358 0 0.682358
v -0.725525 0 0.636269
v -0.765586 0 0.587455
v -0.802368 0 0.536125
v -0.835715 0 0.4825
v -0.865482 0 0.426809
v -0.891544 0 0.36929
v -0.913788 0 0.310189
v -0.932118 0 0.24976
v -0.946458 0 0.188262
v -0.956744 0 0.125958
v -0.962934 0 0.063114
v -0.965 0 0
v -0.962934 0 -0.063114
v -0.956744 0 -0.125958
v -0.946458 0 -0.188262
v -0.932118 0 -0.24976
v -0.913788 0 -0.310189
v -0.891544 0 -0.36929
v -0.865482 0 -0.426809
v -0.835715 0 -0.4825
v -0.802368 0 -0.536125
v -0.765586 0 -0.587455
v -0.725525 0 -0.636269
v -0.682358 0 -0.682358
v -0.636269 0 -0.725525
v -0.587455 0 -0.765586
v -0.536125 0 -0.802368
v -0.4825 0 -0.835715
v -0.426809 0 -0.865482
v -0.36929 0 -0.891544
v -0.310189 0 -0.913788
v -0.24976 0 -0.932118
v -0.188262 0 -0.946458
v -0.125958 0 -0.956744
v -0.063114 0 -0.962934
v 0 0 -0.965
v 0.063114 0 -0.962934
v 0.125958 0 -0.956744
v 0.188262 0 -0.946458
v 0.24976 0 -0.932118
v 0.310189 0 -0.913788
v 0.36929 0 -0.891544
v 0.426809 0 -0.865482
v 0.4825 0 -0.835715
v 0.536125 0 -0.802368
v 0.587455 0 -0.765586
v 0.636269 0 -0.725525
v 0.682358 0 -0.682358
v 0.725525 0 -0.636269
v 0.765586 0 -0.587455
v 0.802368 0 -0.536125
v 0.835715 0 -0.4825
v 0.865482 0 -0.426809
v 0.891544 0 -0.36929
v 0.913788 0 -0.310189
v 0.932118 0 -0.24976
v 0.946458 0 -0.188262
v 0.956744 0 -0.125958
v 0.962934 0 -0.063114
v 0.975816 0.001713 0
v 0.973726 0.001713 0.063821
v 0.967467 0.001713 0.127369
v 0.957066 0.001713 0.190372
v 0.942565 0.001713 0.25256
v 0.924029 0.001713 0.313666
v 0.901536 0.001713 0.373428
v 0.875182 0.001713 0.431592
v 0.845081 0.001713 0.487908
v 0.811361 0.001713 0.542134
v 0.774167 0.001713 0.594039
v 0.733657 0.001713 0.6434
v 0.690006 0.001713 0.690006
v 0.6434 0.001713 0.733657
v 0.594039 0.001713 0.774167
v 0.542134 0.001713 0.811361
v 0.487908 0.001713 0.845081
v 0.431592 0.001713 0.875182
v 0.373428 0.001713 0.901536
v 0.313666 0.001713 0.924029
v 0.25256 0.001713 0.942565
v 0.190372 0.001713 0.957066
v 0.127369 0.001713 0.967467
v 0.063821 0.001713 0.973726
v 0 0.001713 0.975816
v -0.063821 0.001713 0.973726
v -0.127369 0.001713 0.967467
v -0.190372 0.001713 0.957066
v -0.25256 0.001713 0.942565
v -0.313666 0.001713 0.924029
v -0.373428 0.001713 0.901536
v -0.431592 0.001713 0.875182
v -0.487908 0.001713 0.845081
v -0.542134 0.001713 0.811361
v -0.594039 0.001713 0.774167
v -0.6434 0.001713 0.733657
v -0.690006 0.001713 0.690006
v -0.733657 0.001713 0.6434
v -0.774167 0.001713 0.594039
v -0.811361 0.001713 0.542134
v -0.845081 0.001713 0.487908
v -0.875182 0.001713 0.431592
v -0.901536 0.001713 0.373428
v -0.924029 0.001713 0.313666
v -0.942565 0.001713 0.25256
v -0.957066 0.001713 0.190372
v -0.967467 0.001713 0.127369
v -0.973726 0.001713 0.063821
v -0.975816 0.001713 0
v -0.973726 0.001713 -0.063821
v -0.967467 0.001713 -0.127369
v -0.957066 0.001713 -0.190372
v -0.942565 0.001713 -0.25256
v -0.924029 0.001713 -0.313666
v -0.901536 0.001713 -0.373428
v -0.875182 0.001713 -0.431592
v -0.845081 0.001713 -0.487908
v -0.811361 0.001713 -0.542134
v -0.774167 0.001713 -0.594039
v -0.733657 0.001713 -0.6434
v -0.690006 0.001713 -0.690006
v -0.6434 0.001713 -0.733657
v -0.594039 0.001713 -0.774167
v -0.542134 0.001713 -0.811361
v -0.487908 0.001713 -0.845081
v -0.431592 0.001713 -0.875182
v -0.373428 0.001713 -0.901536
v -0.313666 0.001713 -0.924029
v -0.25256 0.001713 -0.942565
v -0.190372 0.001713 -0.957066
v -0.127369 0.001713 -0.967467
v -0.063821 0.001713 -0.973726
v 0 0.001713 -0.975816
v 0.063821 0.001713 -0.973726
v 0.127369 0.001713 -0.967467
v 0.190372 0.001713 -0.957066
v 0.25256 0.001713 -0.942565
v 0.313666 0.001713 -0.924029
v 0.373428 0.001713 -0.901536
v 0.431592 0.001713 -0.875182
v 0.487908 0.001713 -0.845081
v 0.542134 0.001713 -0.811361
v 0.594039 0.001713 -0.774167
v 0.6434 0.001713 -0.733657
v 0.690006 0.001713 -0.690006
v 0.733657 0.001713 -0.6434
v 0.774167 0.001713 -0.594039
v 0.811361 0.001713 -0.542134
v 0.845081 0.001713 -0.487908
v 0.875182 0.001713 -0.431592
v 0.901536 0.001713 -0.373428
v 0.924029 0.001713 -0.313666
v 0.942565 0.001713 -0.25256
v 0.957066 0.001713 -0.190372
v 0.967467 0.001713 -0.127369
v 0.973726 0.001713 -0.063821
v 0.985572 0.006684 0
v 0.983462 0.006684 0.06446
v 0.977141 0.006684 0.128643
v 0.966635 0.006684 0.192276
v 0.95199 0.006684 0.255085
v 0.933268 0.006684 0.316802
v 0.91055 0.006684 0.377162
v 0.883933 0.006684 0.435908
v 0.853531 0.006684 0.492786
v 0.819474 0.006684 0.547555
v 0.781907 0.006684 0.599979
v 0.740993 0.006684 0.649833
v 0.696905 0.006684 0.696905
v 0.649833 0.006684 0.740993
v 0.599979 0.006684 0.781907
v 0.547555 0.006684 0.819474
v 0.492786 0.006684 0.853531
v 0.435908 0.006684 0.883933
v 0.377162 0.006684 0.91055
v 0.316802 0.006684 0.933268
v 0.255085 0.006684 0.95199
v 0.192276 0.006684 0.966635
v 0.128643 0.006684 0.977141
v 0.06446 0.006684 0.983462
v 0 0.006684 0.985572
v -0.06446 0.006684 0.983462
v -0.128643 0.006684 0.977141
v -0.192276 0.006684 0.966635
v -0.255085 0.006684 0.95199
v -0.316802 0.006684 0.933268
v -0.377162 0.006684 0.91055
v -0.435908 0.006684 0.883933
v -0.492786 0.006684 0.853531
v -0.547555 0.006684 0.819474
v -0.599979 0.006684 0.781907
v -0.649833 0.006684 0.740993
v -0.696905 0.006684 0.696905
v -0.740993 0.006684 0.649833
v -0.781907 0.006684 0.599979
v -0.819474 0.006684 0.547555
v -0.853531 0.006684 0.492786
v -0.883933 0.006684 0.435908
v -0.91055 0.006684 0.377162
v -0.933268 0.006684 0.316802
v -0.95199 0.006684 0.255085
v -0.966635 0.006684 0.192276
v -0.977141 0.006684 0.128643
v -0.983462 0.006684 0.06446
v -0.985572 0.006684 0
v -0.983462 0.006684 -0.06446
v -0.977141 0.006684 -0.128643
v -0.966635 0.006684 -0.192276
v -0.95199 0.006684 -0.255085
v -0.933268 0.006684 -0.316802
v -0.91055 0.006684 -0.377162
v -0.883933 0.006684 -0.435908
v -0.853531 0.006684 -0.492786
v -0.819474 0.006684 -0.547555
v -0.781907 0.006684 -0.599979
v -0.740993 0.006684 -0.649833
v -0.696905 0.006684 -0.696905
v -0.649833 0.006684 -0.740993
v -0.599979 0.006684 -0.781907
v -0.547555 0.006684 -0.819474
v -0.492786 0.006684 -0.853531
v -0.435908 0.006684 -0.883933
v -0.377162 0.006684 -0.91055
v -0.316802 0.006684 -0.933268
v -0.255085 0.006684 -0.95199
v -0.192276 0.006684 -0.966635
v -0.128643 0.006684 -0.977141
v -0.06446 0.006684 -0.983462
v 0 0.006684 -0.985572
v 0.06446 0.006684 -0.983462
v 0.128643 0.006684 -0.977141
v 0.192276 0.006684 -0.966635
v 0.255085 0.006684 -0.95199
v 0.316802 0.006684 -0.933268
v 0.377162 0.006684 -0.91055
v 0.435908 0.006684 -0.883933
v 0.492786 0.006684 -0.853531
v 0.547555 0.006684 -0.819474
v 0.599979 0.006684 -0.781907
v 0.649833 0.006684 -0.740993
v 0.696905 0.006684 -0.696905
v 0.740993 0.006684 -0.649833
v 0.781907 0.006684 -0.599979
v 0.819474 0.006684 -0.547555
v 0.853531 0.006684 -0.492786
v 0.883933 0.006684 -0.435908
v 0.91055 0.006684 -0.377162
v 0.933268 0.006684 -0.316802
v 0.95199 0.006684 -0.255085
v 0.966635 0.006684 -0.192276
v 0.977141 0.006684 -0.128643
v 0.983462 0.006684 -0.06446
v 0.993316 0.014428 0
v 0.991189 0.014428 0.064966
v 0.984818 0.014428 0.129654
v 0.974229 0.014428 0.193786
v 0.959469 0.014428 0.257089
v 0.9406 0.014428 0.319291
v 0.917704 0.014428 0.380125
v 0.890878 0.014428 0.439332
v 0.860237 0.014428 0.496658
v 0.825912 0.014428 0.551857
v 0.78805 0.014428 0.604692
v 0.746814 0.014428 0.654938
v 0.70238 0.014428 0.70238
v 0.654938 0.014428 0.746814
v 0.604692 0.014428 0.78805
v 0.551857 0.014428 0.825912
v 0.496658 0.014428 0.860237
v 0.439332 0.014428 0.890878
v 0.380125 0.014428 0.917704
v 0.319291 0.014428 0.9406
v 0.257089 0.014428 0.959469
v 0.193786 0.014428 0.974229
v 0.129654 0.014428 0.984818
v 0.064966 0.014428 0.991189
v 0 0.014428 0.993316
v -0.064966 0.014428 0.991189
v -0.129654 0.014428 0.984818
v -0.193786 0.014428 0.974229
v -0.257089 0.014428 0.959469
v -0.319291 0.014428 0.9406
v -0.380125 0.014428 0.917704
v -0.439332 0.014428 0.890878
v -0.496658 0.014428 0.860237
v -0.551857 0.014428 0.825912
v -0.604692 0.014428 0.78805
v -0.654938 0.014428 0.746814
v -0.70238 0.014428 0.70238
v -0.746814 0.014428 0.654938
v -0.78805 0.014428 0.604692
v -0.825912 0.014428 0.551857
v -0.860237 0.014428 0.496658
v -0.890878 0.014428 0.439332
v -0.917704 0.014428 0.380125
v -0.9406 0.014428 0.319291
v -0.959469 0.014428 0.257089
v -0.974229 0.014428 0.193786
v -0.984818 0.014428 0.129654
v -0.991189 0.014428 0.064966
v -0.993316 0.014428 0
v -0.991189 0.014428 -0.064966
v -0.984818 0.014428 -0.129654
v -0.974229 0.014428 -0.193786
v -0.959469 0.014428 -0.257089
v -0.9406 0.014428 -0.319291
v -0.917704 0.014428 -0.380125
v -0.890878 0.014428 -0.439332
v -0.860237 0.014428 -0.496658
v -0.825912 0.014428 -0.551857
v -0.78805 0.014428 -0.604692
v -0.746814 0.014428 -0.654938
v -0.70238 0.014428 -0.70238
v -0.654938 0.014428 -0.746814
v -0.604692 0.014428 -0.78805
v -0.551857 0.014428 -0.825912
v -0.496658 0.014428 -0.860237
v -0.439332 0.014428 -0.890878
v -0.380125 0.014428 -0.917704
v -0.319291 0.014428 -0.9406
v -0.257089 0.014428 -0.959469
v -0.193786 0.014428 -0.974229
v -0.129654 0.014428 -0.984818
v -0.064966 0.014428 -0.991189
v 0 0.014428 -0.993316
v 0.064966 0.014428 -0.991189
v 0.129654 0.014428 -0.984818
v 0.193786 0.014428 -0.974229
v 0.257089 0.014428 -0.959469
v 0.319291 0.014428 -0.9406
v 0.380125 0.014428 -0.917704
v 0.439332 0.014428 -0.890878
v 0.496658 0.014428 -0.860237
v 0.551857 0.014428 -0.825912
v 0.604692 0.014428 -0.78805
v 0.654938 0.014428 -0.746814
v 0.70238 0.014428 -0.70238
v 0.746814 0.014428 -0.654938
v 0.78805 0.014428 -0.604692
v 0.825912 0.014428 -0.551857
v 0.860237 0.014428 -0.496658
v 0.890878 0.014428 -0.439332
v 0.917704 0.014428 -0.380125
v 0.9406 0.014428 -0.319291
v 0.959469 0.014428 -0.257089
v 0.974229 0.014428 -0.193786
v 0.984818 0.014428 -0.129654
v 0.991189 0.014428 -0.064966
v 0.998287 0.024184 0
v 0.99615 0.024184 0.065291
v 0.989746 0.024184 0.130303
v 0.979105 0.024184 0.194756
v 0.964271 0.024184 0.258376
v 0.945308 0.024184 0.320889
v 0.922297 0.024184 0.382028
v 0.895336 0.024184 0.441531
v 0.864542 0.024184 0.499143
v 0.830045 0.024184 0.554619
v 0.791994 0.024184 0.607719
v 0.750552 0.024184 0.658216
v 0.705895 0.024184 0.705895
v 0.658216 0.024184 0.750552
v 0.607719 0.024184 0.791994
v 0.554619 0.024184 0.830045
v 0.499143 0.024184 0.864542
v 0.441531 0.024184 0.895336
v 0.382028 0.024184 0.922297
v 0.320889 0.024184 0.945308
v 0.258376 0.024184 0.964271
v 0.194756 0.024184 0.979105
v 0.130303 0.024184 0.989746
v 0.065291 0.024184 0.99615
v 0 0.024184 0.998287
v -0.065291 0.024184 0.99615
v -0.130303 0.024184 0.989746
v -0.194756 0.024184 0.979105
v -0.258376 0.024184 0.964271
v -0.320889 0.024184 0.945308
v -0.382028 0.024184 0.922297
v -0.441531 0.024184 0.895336
v -0.499143 0.024184 0.864542
v -0.554619 0.024184 0.830045
v -0.607719 0.024184 0.791994
v -0.658216 0.024184 0.750552
v -0.705895 0.024184 0.705895
v -0.750552 0.024184 0.658216
v -0.791994 0.024184 0.607719
v -0.830045 0.024184 0.554619
v -0.864542 0.024184 0.499143
v -0.895336 0.024184 0.441531
v -0.922297 0.024184 0.382028
v -0.945308 0.024184 0.320889
v -0.964271 0.024184 0.258376
v -0.979105 0.024184 0.194756
v -0.989746 0.024184 0.130303
v -0.99615 0.024184 0.065291
v -0.998287 0.024184 0
v -0.99615 0.024184 -0.065291
v -0.989746 0.024184 -0.130303
v -0.979105 0.024184 -0.194756
v -0.964271 0.024184 -0.258376
v -0.945308 0.024184 -0.320889
v -0.922297 0.024184 -0.382028
v -0.895336 0.024184 -0.441531
v -0.864542 0.024184 -0.499143
v -0.830045 0.024184 -0.554619
v -0.791994 0.024184 -0.607719
v -0.750552 0.024184 -0.658216
v -0.705895 0.024184 -0.705895
v -0.658216 0.024184 -0.750552
v -0.607719 0.024184 -0.791994
v -0.554619 0.024184 -0.830045
v -0.499143 0.024184 -0.864542
v -0.441531 0.024184 -0.895336
v -0.382028 0.024184 -0.922297
v -0.320889 0.024184 -0.945308
v -0.258376 0.024184 -0.964271
v -0.194756 0.024184 -0.979105
v -0.130303 0.024184 -0.989746
v -0.065291 0.024184 -0.99615
v 0 0.024184 -0.998287
v 0.065291 0.024184 -0.99615
v 0.130303 0.024184 -0.989746
v 0.194756 0.024184 -0.979105
v 0.258376 0.024184 -0.964271
v 0.320889 0.024184 -0.945308
v 0.382028 0.024184 -0.922297
v 0.441531 0.024184 -0.895336
v 0.499143 0.024184 -0.864542
v 0.554619 0.024184 -0.830045
v 0.607719 0.024184 -0.791994
v 0.658216 0.024184 -0.750552
v 0.705895 0.024184 -0.705895
v 0.750552 0.024184 -0.658216
v 0.791994 0.024184 -0.607719
v 0.830045 0.024184 -0.554619
v 0.864542 0.024184 -0.499143
v 0.895336 0.024184 -0.441531
v 0.922297 0.024184 -0.382028
v 0.945308 0.024184 -0.320889
v 0.964271 0.024184 -0.258376
v 0.979105 0.024184 -0.194756
v 0.989746 0.024184 -0.130303
v 0.99615 0.024184 -0.065291
v 1 0.035 0
v 0.997859 0.035 0.065403
v 0.991445 0.035 0.130526
v 0.980785 0.035 0.19509
v 0.965926 0.035 0.258819
v 0.94693 0.035 0.321439
v 0.92388 0.035 0.382683
v 0.896873 0.035 0.442289
v 0.866025 0.035 0.5
v 0.83147 0.035 0.55557
v 0.793353 0.035 0.608761
v 0.75184 0.035 0.659346
v 0.707107 0.035 0.707107
v 0.659346 0.035 0.75184
v 0.608761 0.035 0.793353
v 0.55557 0.035 0.83147
v 0.5 0.035 0.866025
v 0.442289 0.035 0.896873
v 0.382683 0.035 0.92388
v 0.321439 0.035 0.94693
v 0.258819 0.035 0.965926
v 0.19509 0.035 0.980785
v 0.130526 0.035 0.991445
v 0.065403 0.035 0.997859
v 0 0.035 1
v -0.065403 0.035 0.997859
v -0.130526 0.035 0.991445
v -0.19509 0.035 0.980785
v -0.258819 0.035 0.965926
v -0.321439 0.035 0.94693
v -0.382683 0.035 0.92388
v -0.442289 0.035 0.896873
v -0.5 0.035 0.866025
v -0.55557 0.035 0.83147
v -0.608761 0.035 0.793353
v -0.659346 0.035 0.75184
v -0.707107 0.035 0.707107
v -0.75184 0.035 0.659346
v -0.793353 0.035 0.608761
v -0.83147 0.035 0.55557
v -0.866025 0.035 0.5
v -0.896873 0.035 0.442289
v -0.92388 0.035 0.382683
v -0.94693 0.035 0.321439
v -0.965926 0.035 0.258819
v -0.980785 0.035 0.19509
v -0.991445 0.035 0.130526
v -0.997859 0.035 0.065403
v -1 0.035 0
v -0.997859 0.035 -0.065403
v -0.991445 0.035 -0.130526
v -0.980785 0.035 -0.19509
v -0.965926 0.035 -0.258819
v -0.94693 0.035 -0.321439
v -0.92388 0.035 -0.382683
v -0.896873 0.035 -0.442289
v -0.866025 0.035 -0.5
v -0.83147 0.035 -0.55557
v -0.793353 0.035 -0.608761
v -0.75184 0.035 -0.659346
v -0.707107 0.035 -0.707107
v -0.659346 0.035 -0.75184
v -0.608761 0.035 -0.793353
v -0.55557 0.035 -0.83147
v -0.5 0.035 -0.866025
v -0.442289 0.035 -0.896873
v -0.382683 0.035 -0.92388
v -0.321439 0.035 -0.94693
v -0.258819 0.035 -0.965926
v -0.19509 0.035 -0.980785
v -0.130526 0.035 -0.991445
v -0.065403 0.035 -0.997859
v 0 0.035 -1
v 0.065403 0.035 -0.997859
v 0.130526 0.035 -0.991445
v 0.19509 0.035 -0.980785
v 0.258819 0.035 -0.965926
v 0.321439 0.035 -0.94693
v 0.382683 0.035 -0.92388
v 0.442289 0.035 -0.896873
v 0.5 0.035 -0.866025
v 0.55557 0.035 -0.83147
v 0.608761 0.035 -0.793353
v 0.659346 0.035 -0.75184
v 0.707107 0.035 -0.707107
v 0.75184 0.035 -0.659346
v 0.793353 0.035 -0.608761
v 0.83147 0.035 -0.55557
v 0.866025 0.035 -0.5
v 0.896873 0.035 -0.442289
v 0.92388 0.035 -0.382683
v 0.94693 0.035 -0.321439
v 0.965926 0.035 -0.258819
v 0.980785 0.035 -0.19509
v 0.991445 0.035 -0.130526
v 0.997859 0.035 -0.065403
v 1 0.125 0
v 0.997859 0.125 0.065403
v 0.991445 0.125 0.130526
v 0.980785 0.125 0.19509
v 0.965926 0.125 0.258819
v 0.94693 0.125 0.321439
v 0.92388 0.125 0.382683
v 0.896873 0.125 0.442289
v 0.866025 0.125 0.5
v 0.83147 0.125 0.55557
v 0.793353 0.125 0.608761
v 0.75184 0.125 0.659346
v 0.707107 0.125 0.707107
v 0.659346 0.125 0.75184
v 0.608761 0.125 0.793353
v 0.55557 0.125 0.83147
v 0.5 0.125 0.866025
v 0.442289 0.125 0.896873
v 0.382683 0.125 0.92388
v 0.321439 0.125 0.94693
v 0.258819 0.125 0.965926
v 0.19509 0.125 0.980785
v 0.130526 0.125 0.991445
v 0.065403 0.125 0.997859
v 0 0.125 1
v -0.065403 0.125 0.997859
v -0.130526 0.125 0.991445
v -0.19509 0.125 0.980785
v -0.258819 0.125 0.965926
v -0.321439 0.125 0.94693
v -0.382683 0.125 0.92388
v -0.442289 0.125 0.896873
v -0.5 0.125 0.866025
v -0.55557 0.125 0.83147
v -0.608761 0.125 0.793353
v -0.659346 0.125 0.75184
v -0.707107 0.125 0.707107
v -0.75184 0.125 0.659346
v -0.793353 0.125 0.608761
v -0.83147 0.125 0.55557
v -0.866025 0.125 0.5
v -0.896873 0.125 0.442289
v -0.92388 0.125 0.382683
v -0.94693 0.125 0.321439
v -0.965926 0.125 0.258819
v -0.980785 0.125 0.19509
v -0.991445 0.125 0.130526
v -0.997859 0.125 0.065403
v -1 0.125 0
v -0.997859 0.125 -0.065403
v -0.991445 0.125 -0.130526
v -0.980785 0.125 -0.19509
v -0.965926 0.125 -0.258819
v -0.94693 0.125 -0.321439
v -0.92388 0.125 -0.382683
v -0.896873 0.125 -0.442289
v -0.866025 0.125 -0.5
v -0.83147 0.125 -0.55557
v -0.793353 0.125 -0.608761
v -0.75184 0.125 -0.659346
v -0.707107 0.125 -0.707107
v -0.659346 0.125 -0.75184
v -0.608761 0.125 -0.793353
v -0.55557 0.125 -0.83147
v -0.5 0.125 -0.866025
v -0.442289 0.125 -0.896873
v -0.382683 0.125 -0.92388
v -0.321439 0.125 -0.94693
v -0.258819 0.125 -0.965926
v -0.19509 0.125 -0.980785
v -0.130526 0.125 -0.991445
v -0.065403 0.125 -0.997859
v 0 0.125 -1
v 0.065403 0.125 -0.997859
v 0.130526 0.125 -0.991445
v 0.19509 0.125 -0.980785
v 0.258819 0.125 -0.965926
v 0.321439 0.125 -0.94693
v 0.382683 0.125 -0.92388
v 0.442289 0.125 -0.896873
v 0.5 0.125 -0.866025
v 0.55557 0.125 -0.83147
v 0.608761 0.125 -0.793353
v 0.659346 0.125 -0.75184
v 0.707107 0.125 -0.707107
v 0.75184 0.125 -0.659346
v 0.793353 0.125 -0.608761
v 0.83147 0.125 -0.55557
v 0.866025 0.125 -0.5
v 0.896873 0.125 -0.442289
v 0.92388 0.125 -0.382683
v 0.94693 0.125 -0.321439
v 0.965926 0.125 -0.258819
v 0.980785 0.125 -0.19509
v 0.991445 0.125 -0.130526
v 0.997859 0.125 -0.065403
v 0.997798 0.138906 0
v 0.995661 0.138906 0.065259
v 0.989261 0.138906 0.130239
v 0.978625 0.138906 0.194661
v 0.963798 0.138906 0.258249
v 0.944845 0.138906 0.320732
v 0.921845 0.138906 0.381841
v 0.894897 0.138906 0.441315
v 0.864118 0.138906 0.498899
v 0.829638 0.138906 0.554347
v 0.791606 0.138906 0.607421
v 0.750184 0.138906 0.657894
v 0.705549 0.138906 0.705549
v 0.657894 0.138906 0.750184
v 0.607421 0.138906 0.791606
v 0.554347 0.138906 0.829638
v 0.498899 0.138906 0.864118
v 0.441315 0.138906 0.894897
v 0.381841 0.138906 0.921845
v 0.320732 0.138906 0.944845
v 0.258249 0.138906 0.963798
v 0.194661 0.138906 0.978625
v 0.130239 0.138906 0.989261
v 0.065259 0.138906 0.995661
v 0 0.138906 0.997798
v -0.065259 0.138906 0.995661
v -0.130239 0.138906 0.989261
v -0.194661 0.138906 0.978625
v -0.258249 0.138906 0.963798
v -0.320732 0.138906 0.944845
v -0.381841 0.138906 0.921845
v -0.441315 0.138906 0.894897
v -0.498899 0.138906 0.864118
v -0.554347 0.138906 0.829638
v -0.607421 0.138906 0.791606
v -0.657894 0.138906 0.750184
v -0.705549 0.138906 0.705549
v -0.750184 0.138906 0.657894
v -0.791606 0.138906 0.607421
v -0.829638 0.138906 0.554347
v -0.864118 0.138906 0.498899
v -0.894897 0.138906 0.441315
v -0.921845 0.138906 0.381841
v -0.944845 0.138906 0.320732
v -0.963798 0.138906 0.258249
v -0.978625 0.138906 0.194661
v -0.989261 0.138906 0.130239
v -0.995661 0.138906 0.065259
v -0.997798 0.138906 0
v -0.995661 0.138906 -0.065259
v -0.989261 0.138906 -0.130239
v -0.978625 0.138906 -0.194661
v -0.963798 0.138906 -0.258249
v -0.944845 0.138906 -0.320732
v -0.921845 0.138906 -0.381841
v -0.894897 0.138906 -0.441315
v -0.864118 0.138906 -0.498899
v -0.829638 0.138906 -0.554347
v -0.791606 0.138906 -0.607421
v -0.750184 0.138906 -0.657894
v -0.705549 0.138906 -0.705549
v -0.657894 0.138906 -0.750184
v -0.607421 0.138906 -0.791606
v -0.554347 0.138906 -0.829638
v -0.498899 0.138906 -0.864118
v -0.441315 0.138906 -0.894897
v -0.381841 0.138906 -0.921845
v -0.320732 0.138906 -0.944845
v -0.258249 0.138906 -0.963798
v -0.194661 0.138906 -0.978625
v -0.130239 0.138906 -0.989261
v -0.065259 0.138906 -0.995661
v 0 0.138906 -0.997798
v 0.065259 0.138906 -0.995661
v 0.130239 0.138906 -0.989261
v 0.194661 0.138906 -0.978625
v 0.258249 0.138906 -0.963798
v 0.320732 0.138906 -0.944845
v 0.381841 0.138906 -0.921845
v 0.441315 0.138906 -0.894897
v 0.498899 0.138906 -0.864118
v 0.554347 0.138906 -0.829638
v 0.607421 0.138906 -0.791606
v 0.657894 0.138906 -0.750184
v 0.705549 0.138906 -0.705549
v 0.750184 0.138906 -0.657894
v 0.791606 0.138906 -0.607421
v 0.829638 0.138906 -0.554347
v 0.864118 0.138906 -0.498899
v 0.894897 0.138906 -0.441315
v 0.921845 0.138906 -0.381841
v 0.944845 0.138906 -0.320732
v 0.963798 0.138906 -0.258249
v 0.978625 0.138906 -0.194661
v 0.989261 0.138906 -0.130239
v 0.995661 0.138906 -0.065259
v 0.991406 0.15145 0
v 0.989283 0.15145 0.064841
v 0.982924 0.15145 0.129404
v 0.972356 0.15145 0.193414
v 0.957624 0.15145 0.256595
v 0.938792 0.15145 0.318677
v 0.915939 0.15145 0.379395
v 0.889165 0.15145 0.438488
v 0.858583 0.15145 0.495703
v 0.824324 0.15145 0.550796
v 0.786535 0.15145 0.60353
v 0.745378 0.15145 0.653679
v 0.70103 0.15145 0.70103
v 0.653679 0.15145 0.745378
v 0.60353 0.15145 0.786535
v 0.550796 0.15145 0.824324
v 0.495703 0.15145 0.858583
v 0.438488 0.15145 0.889165
v 0.379395 0.15145 0.915939
v 0.318677 0.15145 0.938792
v 0.256595 0.15145 0.957624
v 0.193414 0.15145 0.972356
v 0.129404 0.15145 0.982924
v 0.064841 0.15145 0.989283
v 0 0.15145 0.991406
v -0.064841 0.15145 0.989283
v -0.129404 0.15145 0.982924
v -0.193414 0.15145 0.972356
v -0.256595 0.15145 0.957624
v -0.318677 0.15145 0.938792
v -0.379395 0.15145 0.915939
v -0.438488 0.15145 0.889165
v -0.495703 0.15145 0.858583
v -0.550796 0.15145 0.824324
v -0.60353 0.15145 0.786535
v -0.653679 0.15145 0.745378
v -0.70103 0.15145 0.70103
v -0.745378 0.15145 0.653679
v -0.786535 0.15145 0.60353
v -0.824324 0.15145 0.550796
v -0.858583 0.15145 0.495703
v -0.889165 0.15145 0.438488
v -0.915939 0.15145 0.379395
v -0.938792 0.15145 0.318677
v -0.957624 0.15145 0.256595
v -0.972356 0.15145 0.193414
v -0.982924 0.15145 0.129404
v -0.989283 0.15145 0.064841
v -0.991406 0.15145 0
v -0.989283 0.15145 -0.064841
v -0.982924 0.15145 -0.129404
v -0.972356 0.15145 -0.193414
v -0.957624 0.15145 -0.256595
v -0.938792 0.15145 -0.318677
v -0.915939 0.15145 -0.379395
v -0.889165 0.15145 -0.438488
v -0.858583 0.15145 -0.495703
v -0.824324 0.15145 -0.550796
v -0.786535 0.15145 -0.60353
v -0.745378 0.15145 -0.653679
v -0.70103 0.15145 -0.70103
v -0.653679 0.15145 -0.745378
v -0.60353 0.15145 -0.786535
v -0.550796 0.15145 -0.824324
v -0.495703 0.15145 -0.858583
v -0.438488 0.15145 -0.889165
v -0.379395 0.15145 -0.915939
v -0.318677 0.15145 -0.938792
v -0.256595 0.15145 -0.957624
v -0.193414 0.15145 -0.972356
v -0.129404 0.15145 -0.982924
v -0.064841 0.15145 -0.989283
v 0 0.15145 -0.991406
v 0.064841 0.15145 -0.989283
v 0.129404 0.15145 -0.982924
v 0.193414 0.15145 -0.972356
v 0.256595 0.15145 -0.957624
v 0.318677 0.15145 -0.938792
v 0.379395 0.15145 -0.915939
v 0.438488 0.15145 -0.889165
v 0.495703 0.15145 -0.858583
v 0.550796 0.15145 -0.824324
v 0.60353 0.15145 -0.786535
v 0.653679 0.15145 -0.745378
v 0.70103 0.15145 -0.70103
v 0.745378 0.15145 -0.653679
v 0.786535 0.15145 -0.60353
v 0.824324 0.15145 -0.550796
v 0.858583 0.15145 -0.495703
v 0.889165 0.15145 -0.438488
v 0.915939 0.15145 -0.379395
v 0.938792 0.15145 -0.318677
v 0.957624 0.15145 -0.256595
v 0.972356 0.15145 -0.193414
v 0.982924 0.15145 -0.129404
v 0.989283 0.15145 -0.064841
v 0.98145 0.161406 0
v 0.979349 0.161406 0.06419
v 0.973054 0.161406 0.128105
v 0.962592 0.161406 0.191471
v 0.948008 0.161406 0.254018
v 0.929365 0.161406 0.315477
v 0.906742 0.161406 0.375585
v 0.880236 0.161406 0.434084
v 0.849961 0.161406 0.490725
v 0.816046 0.161406 0.545265
v 0.778637 0.161406 0.597469
v 0.737893 0.161406 0.647115
v 0.69399 0.161406 0.69399
v 0.647115 0.161406 0.737893
v 0.597469 0.161406 0.778637
v 0.545265 0.161406 0.816046
v 0.490725 0.161406 0.849961
v 0.434084 0.161406 0.880236
v 0.375585 0.161406 0.906742
v 0.315477 0.161406 0.929365
v 0.254018 0.161406 0.948008
v 0.191471 0.161406 0.962592
v 0.128105 0.161406 0.973054
v 0.06419 0.161406 0.979349
v 0 0.161406 0.98145
v -0.06419 0.161406 0.979349
v -0.128105 0.161406 0.973054
v -0.191471 0.161406 0.962592
v -0.254018 0.161406 0.948008
v -0.315477 0.161406 0.929365
v -0.375585 0.161406 0.906742
v -0.434084 0.161406 0.880236
v -0.490725 0.161406 0.849961
v -0.545265 0.161406 0.816046
v -0.597469 0.161406 0.778637
v -0.647115 0.161406 0.737893
v -0.69399 0.161406 0.69399
v -0.737893 0.161406 0.647115
v -0.778637 0.161406 0.597469
v -0.816046 0.161406 0.545265
v -0.849961 0.161406 0.490725
v -0.880236 0.161406 0.434084
v -0.906742 0.161406 0.375585
v -0.929365 0.161406 0.315477
v -0.948008 0.161406 0.254018
v -0.962592 0.161406 0.191471
v -0.973054 0.161406 0.128105
v -0.979349 0.161406 0.06419
v -0.98145 0.161406 0
v -0.979349 0.161406 -0.06419
v -0.973054 0.161406 -0.128105
v -0.962592 0.161406 -0.191471
v -0.948008 0.161406 -0.254018
v -0.929365 0.161406 -0.315477
v -0.906742 0.161406 -0.375585
v -0.880236 0.161406 -0.434084
v -0.849961 0.161406 -0.490725
v -0.816046 0.161406 -0.545265
v -0.778637 0.161406 -0.597469
v -0.737893 0.161406 -0.647115
v -0.69399 0.161406 -0.69399
v -0.647115 0.161406 -0.737893
v -0.597469 0.161406 -0.778637
v -0.545265 0.161406 -0.816046
v -0.490725 0.161406 -0.849961
v -0.434084 0.161406 -0.880236
v -0.375585 0.161406 -0.906742
v -0.315477 0.161406 -0.929365
v -0.254018 0.161406 -0.948008
v -0.191471 0.161406 -0.962592
v -0.128105 0.161406 -0.973054
v -0.06419 0.161406 -0.979349
v 0 0.161406 -0.98145
v 0.06419 0.161406 -0.979349
v 0.128105 0.161406 -0.973054
v 0.191471 0.161406 -0.962592
v 0.254018 0.161406 -0.948008
v 0.315477 0.161406 -0.929365
v 0.375585 0.161406 -0.906742
v 0.434084 0.161406 -0.880236
v 0.490725 0.161406 -0.849961
v 0.545265 0.161406 -0.816046
v 0.597469 0.161406 -0.778637
v 0.647115 0.161406 -0.737893
v 0.69399 0.161406 -0.69399
v 0.737893 0.161406 -0.647115
v 0.778637 0.161406 -0.597469
v 0.816046 0.161406 -0.545265
v 0.849961 0.161406 -0.490725
v 0.880236 0.161406 -0.434084
v 0.906742 0.161406 -0.375585
v 0.929365 0.161406 -0.315477
v 0.948008 0.161406 -0.254018
v 0.962592 0.161406 -0.191471
v 0.973054 0.161406 -0.128105
v 0.979349 0.161406 -0.06419
v 0.968906 0.167798 0
v 0.966831 0.167798 0.063369
v 0.960617 0.167798 0.126468
v 0.950289 0.167798 0.189024
v 0.935891 0.167798 0.250771
v 0.917486 0.167798 0.311445
v 0.895152 0.167798 0.370784
v 0.868985 0.167798 0.428536
v 0.839097 0.167798 0.484453
v 0.805616 0.167798 0.538295
v 0.768685 0.167798 0.589832
v 0.728462 0.167798 0.638844
v 0.68512 0.167798 0.68512
v 0.638844 0.167798 0.728462
v 0.589832 0.167798 0.768685
v 0.538295 0.167798 0.805616
v 0.484453 0.167798 0.839097
v 0.428536 0.167798 0.868985
v 0.370784 0.167798 0.895152
v 0.311445 0.167798 0.917486
v 0.250771 0.167798 0.935891
v 0.189024 0.167798 0.950289
v 0.126468 0.167798 0.960617
v 0.063369 0.167798 0.966831
v 0 0.167798 0.968906
v -0.063369 0.167798 0.966831
v -0.126468 0.167798 0.960617
v -0.189024 0.167798 0.950289
v -0.250771 0.167798 0.935891
v -0.311445 0.167798 0.917486
v -0.370784 0.167798 0.895152
v -0.428536 0.167798 0.868985
v -0.484453 0.167798 0.839097
v -0.538295 0.167798 0.805616
v -0.589832 0.167798 0.768685
v -0.638844 0.167798 0.728462
v -0.68512 0.167798 0.68512
v -0.728462 0.167798 0.638844
v -0.768685 0.167798 0.589832
v -0.805616 0.167798 0.538295
v -0.839097 0.167798 0.484453
v -0.868985 0.167798 0.428536
v -0.895152 0.167798 0.370784
v -0.917486 0.167798 0.311445
v -0.935891 0.167798 0.250771
v -0.950289 0.167798 0.189024
v -0.960617 0.167798 0.126468
v -0.966831 0.167798 0.063369
v -0.968906 0.167798 0
v -0.966831 0.167798 -0.063369
v -0.960617 0.167798 -0.126468
v -0.950289 0.167798 -0.189024
v -0.935891 0.167798 -0.250771
v -0.917486 0.167798 -0.311445
v -0.895152 0.167798 -0.370784
v -0.868985 0.167798 -0.428536
v -0.839097 0.167798 -0.484453
v -0.805616 0.167798 -0.538295
v -0.768685 0.167798 -0.589832
v -0.728462 0.167798 -0.638844
v -0.68512 0.167798 -0.68512
v -0.638844 0.167798 -0.728462
v -0.589832 0.167798 -0.768685
v -0.538295 0.167798 -0.805616
v -0.484453 0.167798 -0.839097
v -0.428536 0.167798 -0.868985
v -0.370784 0.167798 -0.895152
v -0.311445 0.167798 -0.917486
v -0.250771 0.167798 -0.935891
v -0.189024 0.167798 -0.950289
v -0.126468 0.167798 -0.960617
v -0.063369 0.167798 -0.966831
v 0 0.167798 -0.968906
v 0.063369 0.167798 -0.966831
v 0.126468 0.167798 -0.960617
v 0.189024 0.167798 -0.950289
v 0.250771 0.167798 -0.935891
v 0.311445 0.167798 -0.917486
v 0.370784 0.167798 -0.895152
v 0.428536 0.167798 -0.868985
v 0.484453 0.167798 -0.839097
v 0.538295 0.167798 -0.805616
v 0.589832 0.167798 -0.768685
v 0.638844 0.167798 -0.728462
v 0.68512 0.167798 -0.68512
v 0.728462 0.167798 -0.638844
v 0.768685 0.167798 -0.589832
v 0.805616 0.167798 -0.538295
v 0.839097 0.167798 -0.484453
v 0.868985 0.167798 -0.428536
v 0.895152 0.167798 -0.370784
v 0.917486 0.167798 -0.311445
v 0.935891 0.167798 -0.250771
v 0.950289 0.167798 -0.189024
v 0.960617 0.167798 -0.126468
v 0.966831 0.167798 -0.063369
v 0.955 0.17 0
v 0.952955 0.17 0.06246
v 0.94683 0.17 0.124653
v 0.93665 0.17 0.186311
v 0.922459 0.17 0.247172
v 0.904318 0.17 0.306975
v 0.882305 0.17 0.365463
v 0.856513 0.17 0.422386
v 0.827054 0.17 0.4775
v 0.794053 0.17 0.53057
v 0.757652 0.17 0.581367
v 0.718007 0.17 0.629675
v 0.675287 0.17 0.675287
v 0.629675 0.17 0.718007
v 0.581367 0.17 0.757652
v 0.53057 0.17 0.794053
v 0.4775 0.17 0.827054
v 0.422386 0.17 0.856513
v 0.365463 0.17 0.882305
v 0.306975 0.17 0.904318
v 0.247172 0.17 0.922459
v 0.186311 0.17 0.93665
v 0.124653 0.17 0.94683
v 0.06246 0.17 0.952955
v 0 0.17 0.955
v -0.06246 0.17 0.952955
v -0.124653 0.17 0.94683
v -0.186311 0.17 0.93665
v -0.247172 0.17 0.922459
v -0.306975 0.17 0.904318
v -0.365463 0.17 0.882305
v -0.422386 0.17 0.856513
v -0.4775 0.17 0.827054
v -0.53057 0.17 0.794053
v -0.581367 0.17 0.757652
v -0.629675 0.17 0.718007
v -0.675287 0.17 0.675287
v -0.718007 0.17 0.629675
v -0.757652 0.17 0.581367
v -0.794053 0.17 0.53057
v -0.827054 0.17 0.4775
v -0.856513 0.17 0.422386
v -0.882305 0.17 0.365463
v -0.904318 0.17 0.306975
v -0.922459 0.17 0.247172
v -0.93665 0.17 0.186311
v -0.94683 0.17 0.124653
v -0.952955 0.17 0.06246
v -0.955 0.17 0
v -0.952955 0.17 -0.06246
v -0.94683 0.17 -0.124653
v -0.93665 0.17 -0.186311
v -0.922459 0.17 -0.247172
v -0.904318 0.17 -0.306975
v -0.882305 0.17 -0.365463
v -0.856513 0.17 -0.422386
v -0.827054 0.17 -0.4775
v -0.794053 0.17 -0.53057
v -0.757652 0.17 -0.581367
v -0.718007 0.17 -0.629675
v -0.675287 0.17 -0.675287
v -0.629675 0.17 -0.718007
v -0.581367 0.17 -0.757652
v -0.53057 0.17 -0.794053
v -0.4775 0.17 -0.827054
v -0.422386 0.17 -0.856513
v -0.365463 0.17 -0.882305
v -0.306975 0.17 -0.904318
v -0.247172 0.17 -0.922459
v -0.186311 0.17 -0.93665
v -0.124653 0.17 -0.94683
v -0.06246 0.17 -0.952955
v 0 0.17 -0.955
v 0.06246 0.17 -0.952955
v 0.124653 0.17 -0.94683
v 0.186311 0.17 -0.93665
v 0.247172 0.17 -0.922459
v 0.306975 0.17 -0.904318
v 0.365463 0.17 -0.882305
v 0.422386 0.17 -0.856513
v 0.4775 0.17 -0.827054
v 0.53057 0.17 -0.794053
v 0.581367 0.17 -0.757652
v 0.629675 0.17 -0.718007
v 0.675287 0.17 -0.675287
v 0.718007 0.17 -0.629675
v 0.757652 0.17 -0.581367
v 0.794053 0.17 -0.53057
v 0.827054 0.17 -0.4775
v 0.856513 0.17 -0.422386
v 0.882305 0.17 -0.365463
v 0.904318 0.17 -0.306975
v 0.922459 0.17 -0.247172
v 0.93665 0.17 -0.186311
v 0.94683 0.17 -0.124653
v 0.952955 0.17 -0.06246
v 0.88 0.17 0
v 0.878116 0.17 0.057555
v 0.872471 0.17 0.114863
v 0.863091 0.17 0.171679
v 0.850015 0.17 0.227761
v 0.833299 0.17 0.282867
v 0.813014 0.17 0.336761
v 0.789248 0.17 0.389214
v 0.762102 0.17 0.44
v 0.731693 0.17 0.488902
v 0.698151 0.17 0.53571
v 0.661619 0.17 0.580224
v 0.622254 0.17 0.622254
v 0.580224 0.17 0.661619
v 0.53571 0.17 0.698151
v 0.488902 0.17 0.731693
v 0.44 0.17 0.762102
v 0.389214 0.17 0.789248
v 0.336761 0.17 0.813014
v 0.282867 0.17 0.833299
v 0.227761 0.17 0.850015
v 0.171679 0.17 0.863091
v 0.114863 0.17 0.872471
v 0.057555 0.17 0.878116
v 0 0.17 0.88
v -0.057555 0.17 0.878116
v -0.114863 0.17 0.872471
v -0.171679 0.17 0.863091
v -0.227761 0.17 0.850015
v -0.282867 0.17 0.833299
v -0.336761 0.17 0.813014
v -0.389214 0.17 0.789248
v -0.44 0.17 0.762102
v -0.488902 0.17 0.731693
v -0.53571 0.17 0.698151
v -0.580224 0.17 0.661619
v -0.622254 0.17 0.622254
v -0.661619 0.17 0.580224
v -0.698151 0.17 0.53571
v -0.731693 0.17 0.488902
v -0.762102 0.17 0.44
v -0.789248 0.17 0.389214
v -0.813014 0.17 0.336761
v -0.833299 0.17 0.282867
v -0.850015 0.17 0.227761
v -0.863091 0.17 0.171679
v -0.872471 0.17 0.114863
v -0.878116 0.17 0.057555
v -0.88 0.17 0
v -0.878116 0.17 -0.057555
v -0.872471 0.17 -0.114863
v -0.863091 0.17 -0.171679
v -0.850015 0.17 -0.227761
v -0.833299 0.17 -0.282867
v -0.813014 0.17 -0.336761
v -0.789248 0.17 -0.389214
v -0.762102 0.17 -0.44
v -0.731693 0.17 -0.488902
v -0.698151 0.17 -0.53571
v -0.661619 0.17 -0.580224
v -0.622254 0.17 -0.622254
v -0.580224 0.17 -0.661619
v -0.53571 0.17 -0.698151
v -0.488902 0.17 -0.731693
v -0.44 0.17 -0.762102
v -0.389214 0.17 -0.789248
v -0.336761 0.17 -0.813014
v -0.282867 0.17 -0.833299
v -0.227761 0.17 -0.850015
v -0.171679 0.17 -0.863091
v -0.114863 0.17 -0.872471
v -0.057555 0.17 -0.878116
v 0 0.17 -0.88
v 0.057555 0.17 -0.878116
v 0.114863 0.17 -0.872471
v 0.171679 0.17 -0.863091
v 0.227761 0.17 -0.850015
v 0.282867 0.17 -0.833299
v 0.336761 0.17 -0.813014
v 0.389214 0.17 -0.789248
v 0.44 0.17 -0.762102
v 0.488902 0.17 -0.731693
v 0.53571 0.17 -0.698151
v 0.580224 0.17 -0.661619
v 0.622254 0.17 -0.622254
v 0.661619 0.17 -0.580224
v 0.698151 0.17 -0.53571
v 0.731693 0.17 -0.488902
v 0.762102 0.17 -0.44
v 0.789248 0.17 -0.389214
v 0.813014 0.17 -0.336761
v 0.833299 0.17 -0.282867
v 0.850015 0.17 -0.227761
v 0.863091 0.17 -0.171679
v 0.872471 0.17 -0.114863
v 0.878116 0.17 -0.057555
v 0.871667 0.167778 0
v 0.8698 0.167778 0.05701
v 0.864209 0.167778 0.113775
v 0.854918 0.167778 0.170054
v 0.841965 0.167778 0.225604
v 0.825407 0.167778 0.280188
v 0.805315 0.167778 0.333572
v 0.781774 0.167778 0.385528
v 0.754885 0.167778 0.435833
v 0.724764 0.167778 0.484272
v 0.69154 0.167778 0.530637
v 0.655354 0.167778 0.57473
v 0.616361 0.167778 0.616361
v 0.57473 0.167778 0.655354
v 0.530637 0.167778 0.69154
v 0.484272 0.167778 0.724764
v 0.435833 0.167778 0.754885
v 0.385528 0.167778 0.781774
v 0.333572 0.167778 0.805315
v 0.280188 0.167778 0.825407
v 0.225604 0.167778 0.841965
v 0.170054 0.167778 0.854918
v 0.113775 0.167778 0.864209
v 0.05701 0.167778 0.8698
v 0 0.167778 0.871667
v -0.05701 0.167778 0.8698
v -0.113775 0.167778 0.864209
v -0.170054 0.167778 0.854918
v -0.225604 0.167778 0.841965
v -0.280188 0.167778 0.825407
v -0.333572 0.167778 0.805315
v -0.385528 0.167778 0.781774
v -0.435833 0.167778 0.754885
v -0.484272 0.167778 0.724764
v -0.530637 0.167778 0.69154
v -0.57473 0.167778 0.655354
v -0.616361 0.167778 0.616361
v -0.655354 0.167778 0.57473
v -0.69154 0.167778 0.530637
v -0.724764 0.167778 0.484272
v -0.754885 0.167778 0.435833
v -0.781774 0.167778 0.385528
v -0.805315 0.167778 0.333572
v -0.825407 0.167778 0.280188
v -0.841965 0.167778 0.225604
v -0.854918 0.167778 0.170054
v -0.864209 0.167778 0.113775
v -0.8698 0.167778 0.05701
v -0.871667 0.167778 0
v -0.8698 0.167778 -0.05701
v -0.864209 0.167778 -0.113775
v -0.854918 0.167778 -0.170054
v -0.841965 0.167778 -0.225604
v -0.825407 0.167778 -0.280188
v -0.805315 0.167778 -0.333572
v -0.781774 0.167778 -0.385528
v -0.754885 0.167778 -0.435833
v -0.724764 0.167778 -0.484272
v -0.69154 0.167778 -0.530637
v -0.655354 0.167778 -0.57473
v -0.616361 0.167778 -0.616361
v -0.57473 0.167778 -0.655354
v -0.530637 0.167778 -0.69154
v -0.484272 0.167778 -0.724764
v -0.435833 0.167778 -0.754885
v -0.385528 0.167778 -0.781774
v -0.333572 0.167778 -0.805315
v -0.280188 0.167778 -0.825407
v -0.225604 0.167778 -0.841965
v -0.170054 0.167778 -0.854918
v -0.113775 0.167778 -0.864209
v -0.05701 0.167778 -0.8698
v 0 0.167778 -0.871667
v 0.05701 0.167778 -0.8698
v 0.113775 0.167778 -0.864209
v 0.170054 0.167778 -0.854918
v 0.225604 0.167778 -0.841965
v 0.280188 0.167778 -0.825407
v 0.333572 0.167778 -0.805315
v 0.385528 0.167778 -0.781774
v 0.435833 0.167778 -0.754885
v 0.484272 0.167778 -0.724764
v 0.530637 0.167778 -0.69154
v 0.57473 0.167778 -0.655354
v 0.616361 0.167778 -0.616361
v 0.655354 0.167778 -0.57473
v 0.69154 0.167778 -0.530637
v 0.724764 0.167778 -0.484272
v 0.754885 0.167778 -0.435833
v 0.781774 0.167778 -0.385528
v 0.805315 0.167778 -0.333572
v 0.825407 0.167778 -0.280188
v 0.841965 0.167778 -0.225604
v 0.854918 0.167778 -0.170054
v 0.864209 0.167778 -0.113775
v 0.8698 0.167778 -0.05701
v 0.863333 0.162222 0
v 0.861485 0.162222 0.056465
v 0.855947 0.162222 0.112688
v 0.846745 0.162222 0.168428
v 0.833916 0.162222 0.223447
v 0.817516 0.162222 0.277509
v 0.797616 0.162222 0.330383
v 0.7743 0.162222 0.381843
v 0.747669 0.162222 0.431667
v 0.717835 0.162222 0.479642
v 0.684928 0.162222 0.525564
v 0.649088 0.162222 0.569235
v 0.610469 0.162222 0.610469
v 0.569235 0.162222 0.649088
v 0.525564 0.162222 0.684928
v 0.479642 0.162222 0.717835
v 0.431667 0.162222 0.747669
v 0.381843 0.162222 0.7743
v 0.330383 0.162222 0.797616
v 0.277509 0.162222 0.817516
v 0.223447 0.162222 0.833916
v 0.168428 0.162222 0.846745
v 0.112688 0.162222 0.855947
v 0.056465 0.162222 0.861485
v 0 0.162222 0.863333
v -0.056465 0.162222 0.861485
v -0.112688 0.162222 0.855947
v -0.168428 0.162222 0.846745
v -0.223447 0.162222 0.833916
v -0.277509 0.162222 0.817516
v -0.330383 0.162222 0.797616
v -0.381843 0.162222 0.7743
v -0.431667 0.162222 0.747669
v -0.479642 0.162222 0.717835
v -0.525564 0.162222 0.684928
v -0.569235 0.162222 0.649088
v -0.610469 0.162222 0.610469
v -0.649088 0.162222 0.569235
v -0.684928 0.162222 0.525564
v -0.717835 0.162222 0.479642
v -0.747669 0.162222 0.431667
v -0.7743 0.162222 0.381843
v -0.797616 0.162222 0.330383
v -0.817516 0.162222 0.277509
v -0.833916 0.162222 0.223447
v -0.846745 0.162222 0.168428
v -0.855947 0.162222 0.112688
v -0.861485 0.162222 0.056465
v -0.863333 0.162222 0
v -0.861485 0.162222 -0.056465
v -0.855947 0.162222 -0.112688
v -0.846745 0.162222 -0.168428
v -0.833916 0.162222 -0.223447
v -0.817516 0.162222 -0.277509
v -0.797616 0.162222 -0.330383
v -0.7743 0.162222 -0.381843
v -0.747669 0.162222 -0.431667
v -0.717835 0.162222 -0.479642
v -0.684928 0.162222 -0.525564
v -0.649088 0.162222 -0.569235
v -0.610469 0.162222 -0.610469
v -0.569235 0.162222 -0.649088
v -0.525564 0.162222 -0.684928
v -0.479642 0.162222 -0.717835
v -0.431667 0.162222 -0.747669
v -0.381843 0.162222 -0.7743
v -0.330383 0.162222 -0.797616
v -0.277509 0.162222 -0.817516
v -0.223447 0.162222 -0.833916
v -0.168428 0.162222 -0.846745
v -0.112688 0.162222 -0.855947
v -0.056465 0.162222 -0.861485
v 0 0.162222 -0.863333
v 0.056465 0.162222 -0.861485
v 0.112688 0.162222 -0.855947
v 0.168428 0.162222 -0.846745
v 0.223447 0.162222 -0.833916
v 0.277509 0.162222 -0.817516
v 0.330383 0.162222 -0.797616
v 0.381843 0.162222 -0.7743
v 0.431667 0.162222 -0.747669
v 0.479642 0.162222 -0.717835
v 0.525564 0.162222 -0.684928
v 0.569235 0.162222 -0.649088
v 0.610469 0.162222 -0.610469
v 0.649088 0.162222 -0.569235
v 0.684928 0.162222 -0.525564
v 0.717835 0.162222 -0.479642
v 0.747669 0.162222 -0.431667
v 0.7743 0.162222 -0.381843
v 0.797616 0.162222 -0.330383
v 0.817516 0.162222 -0.277509
v 0.833916 0.162222 -0.223447
v 0.846745 0.162222 -0.168428
v 0.855947 0.162222 -0.112688
v 0.861485 0.162222 -0.056465
v 0.855 0.155 0
v 0.853169 0.155 0.05592
v 0.847685 0.155 0.1116
v 0.838571 0.155 0.166802
v 0.825867 0.155 0.22129
v 0.809625 0.155 0.274831
v 0.789917 0.155 0.327194
v 0.766826 0.155 0.378157
v 0.740452 0.155 0.4275
v 0.710907 0.155 0.475013
v 0.678317 0.155 0.520491
v 0.642823 0.155 0.563741
v 0.604576 0.155 0.604576
v 0.563741 0.155 0.642823
v 0.520491 0.155 0.678317
v 0.475013 0.155 0.710907
v 0.4275 0.155 0.740452
v 0.378157 0.155 0.766826
v 0.327194 0.155 0.789917
v 0.274831 0.155 0.809625
v 0.22129 0.155 0.825867
v 0.166802 0.155 0.838571
v 0.1116 0.155 0.847685
v 0.05592 0.155 0.853169
v 0 0.155 0.855
v -0.05592 0.155 0.853169
v -0.1116 0.155 0.847685
v -0.166802 0.155 0.838571
v -0.22129 0.155 0.825867
v -0.274831 0.155 0.809625
v -0.327194 0.155 0.789917
v -0.378157 0.155 0.766826
v -0.4275 0.155 0.740452
v -0.475013 0.155 0.710907
v -0.520491 0.155 0.678317
v -0.563741 0.155 0.642823
v -0.604576 0.155 0.604576
v -0.642823 0.155 0.563741
v -0.678317 0.155 0.520491
v -0.710907 0.155 0.475013
v -0.740452 0.155 0.4275
v -0.766826 0.155 0.378157
v -0.789917 0.155 0.327194
v -0.809625 0.155 0.274831
v -0.825867 0.155 0.22129
v -0.838571 0.155 0.166802
v -0.847685 0.155 0.1116
v -0.853169 0.155 0.05592
v -0.855 0.155 0
v -0.853169 0.155 -0.05592
v -0.847685 0.155 -0.1116
v -0.838571 0.155 -0.166802
v -0.825867 0.155 -0.22129
v -0.809625 0.155 -0.274831
v -0.789917 0.155 -0.327194
v -0.766826 0.155 -0.378157
v -0.740452 0.155 -0.4275
v -0.710907 0.155 -0.475013
v -0.678317 0.155 -0.520491
v -0.642823 0.155 -0.563741
v -0.604576 0.155 -0.604576
v -0.563741 0.155 -0.642823
v -0.520491 0.155 -0.678317
v -0.475013 0.155 -0.710907
v -0.4275 0.155 -0.740452
v -0.378157 0.155 -0.766826
v -0.327194 0.155 -0.789917
v -0.274831 0.155 -0.809625
v -0.22129 0.155 -0.825867
v -0.166802 0.155 -0.838571
v -0.1116 0.155 -0.847685
v -0.05592 0.155 -0.853169
v 0 0.155 -0.855
v 0.05592 0.155 -0.853169
v 0.1116 0.155 -0.847685
v 0.166802 0.155 -0.838571
v 0.22129 0.155 -0.825867
v 0.274831 0.155 -0.809625
v 0.327194 0.155 -0.789917
v 0.378157 0.155 -0.766826
v 0.4275 0.155 -0.740452
v 0.475013 0.155 -0.710907
v 0.520491 0.155 -0.678317
v 0.563741 0.155 -0.642823
v 0.604576 0.155 -0.604576
v 0.642823 0.155 -0.563741
v 0.678317 0.155 -0.520491
v 0.710907 0.155 -0.475013
v 0.740452 0.155 -0.4275
v 0.766826 0.155 -0.378157
v 0.789917 0.155 -0.327194
v 0.809625 0.155 -0.274831
v 0.825867 0.155 -0.22129
v 0.838571 0.155 -0.166802
v 0.847685 0.155 -0.1116
v 0.853169 0.155 -0.05592
v 0.846667 0.147778 0
v 0.844854 0.147778 0.055375
v 0.839423 0.147778 0.110512
v 0.830398 0.147778 0.165176
v 0.817817 0.147778 0.219133
v 0.801734 0.147778 0.272152
v 0.782218 0.147778 0.324005
v 0.759352 0.147778 0.374471
v 0.733235 0.147778 0.423333
v 0.703978 0.147778 0.470383
v 0.671706 0.147778 0.515418
v 0.636558 0.147778 0.558246
v 0.598684 0.147778 0.598684
v 0.558246 0.147778 0.636558
v 0.515418 0.147778 0.671706
v 0.470383 0.147778 0.703978
v 0.423333 0.147778 0.733235
v 0.374471 0.147778 0.759352
v 0.324005 0.147778 0.782218
v 0.272152 0.147778 0.801734
v 0.219133 0.147778 0.817817
v 0.165176 0.147778 0.830398
v 0.110512 0.147778 0.839423
v 0.055375 0.147778 0.844854
v 0 0.147778 0.846667
v -0.055375 0.147778 0.844854
v -0.110512 0.147778 0.839423
v -0.165176 0.147778 0.830398
v -0.219133 0.147778 0.817817
v -0.272152 0.147778 0.801734
v -0.324005 0.147778 0.782218
v -0.374471 0.147778 0.759352
v -0.423333 0.147778 0.733235
v -0.470383 0.147778 0.703978
v -0.515418 0.147778 0.671706
v -0.558246 0.147778 0.636558
v -0.598684 0.147778 0.598684
v -0.636558 0.147778 0.558246
v -0.671706 0.147778 0.515418
v -0.703978 0.147778 0.470383
v -0.733235 0.147778 0.423333
v -0.759352 0.147778 0.374471
v -0.782218 0.147778 0.324005
v -0.801734 0.147778 0.272152
v -0.817817 0.147778 0.219133
v -0.830398 0.147778 0.165176
v -0.839423 0.147778 0.110512
v -0.844854 0.147778 0.055375
v -0.846667 0.147778 0
v -0.844854 0.147778 -0.055375
v -0.839423 0.147778 -0.110512
v -0.830398 0.147778 -0.165176
v -0.817817 0.147778 -0.219133
v -0.801734 0.147778 -0.272152
v -0.782218 0.147778 -0.324005
v -0.759352 0.147778 -0.374471
v -0.733235 0.147778 -0.423333
v -0.703978 0.147778 -0.470383
v -0.671706 0.147778 -0.515418
v -0.636558 0.147778 -0.558246
v -0.598684 0.147778 -0.598684
v -0.558246 0.147778 -0.636558
v -0.515418 0.147778 -0.671706
v -0.470383 0.147778 -0.703978
v -0.423333 0.147778 -0.733235
v -0.374471 0.147778 -0.759352
v -0.324005 0.147778 -0.782218
v -0.272152 0.147778 -0.801734
v -0.219133 0.147778 -0.817817
v -0.165176 0.147778 -0.830398
v -0.110512 0.147778 -0.839423
v -0.055375 0.147778 -0.844854
v 0 0.147778 -0.846667
v 0.055375 0.147778 -0.844854
v 0.110512 0.147778 -0.839423
v 0.165176 0.147778 -0.830398
v 0.219133 0.147778 -0.817817
v 0.272152 0.147778 -0.801734
v 0.324005 0.147778 -0.782218
v 0.374471 0.147778 -0.759352
v 0.423333 0.147778 -0.733235
v 0.470383 0.147778 -0.703978
v 0.515418 0.147778 -0.671706
v 0.558246 0.147778 -0.636558
v 0.598684 0.147778 -0.598684
v 0.636558 0.147778 -0.558246
v 0.671706 0.147778 -0.515418
v 0.703978 0.147778 -0.470383
v 0.733235 0.147778 -0.423333
v 0.759352 0.147778 -0.374471
v 0.782218 0.147778 -0.324005
v 0.801734 0.147778 -0.272152
v 0.817817 0.147778 -0.219133
v 0.830398 0.147778 -0.165176
v 0.839423 0.147778 -0.110512
v 0.844854 0.147778 -0.055375
v 0.838333 0.142222 0
v 0.836538 0.142222 0.05483
v 0.831161 0.142222 0.109424
v 0.822225 0.142222 0.163551
v 0.809768 0.142222 0.216977
v 0.793843 0.142222 0.269473
v 0.774519 0.142222 0.320816
v 0.751878 0.142222 0.370785
v 0.726018 0.142222 0.419167
v 0.697049 0.142222 0.465753
v 0.665095 0.142222 0.510345
v 0.630292 0.142222 0.552752
v 0.592791 0.142222 0.592791
v 0.552752 0.142222 0.630292
v 0.510345 0.142222 0.665095
v 0.465753 0.142222 0.697049
v 0.419167 0.142222 0.726018
v 0.370785 0.142222 0.751878
v 0.320816 0.142222 0.774519
v 0.269473 0.142222 0.793843
v 0.216977 0.142222 0.809768
v 0.163551 0.142222 0.822225
v 0.109424 0.142222 0.831161
v 0.05483 0.142222 0.836538
v 0 0.142222 0.838333
v -0.05483 0.142222 0.836538
v -0.109424 0.142222 0.831161
v -0.163551 0.142222 0.822225
v -0.216977 0.142222 0.809768
v -0.269473 0.142222 0.793843
v -0.320816 0.142222 0.774519
v -0.370785 0.142222 0.751878
v -0.419167 0.142222 0.726018
v -0.465753 0.142222 0.697049
v -0.510345 0.142222 0.665095
v -0.552752 0.142222 0.630292
v -0.592791 0.142222 0.592791
v -0.630292 0.142222 0.552752
v -0.665095 0.142222 0.510345
v -0.697049 0.142222 0.465753
v -0.726018 0.142222 0.419167
v -0.751878 0.142222 0.370785
v -0.774519 0.142222 0.320816
v -0.793843 0.142222 0.269473
v -0.809768 0.142222 0.216977
v -0.822225 0.142222 0.163551
v -0.831161 0.142222 0.109424
v -0.836538 0.142222 0.05483
v -0.838333 0.142222 0
v -0.836538 0.142222 -0.05483
v -0.831161 0.142222 -0.109424
v -0.822225 0.142222 -0.163551
v -0.809768 0.142222 -0.216977
v -0.793843 0.142222 -0.269473
v -0.774519 0.142222 -0.320816
v -0.751878 0.142222 -0.370785
v -0.726018 0.142222 -0.419167
v -0.697049 0.142222 -0.465753
v -0.665095 0.142222 -0.510345
v -0.630292 0.142222 -0.552752
v -0.592791 0.142222 -0.592791
v -0.552752 0.142222 -0.630292
v -0.510345 0.142222 -0.665095
v -0.465753 0.142222 -0.697049
v -0.419167 0.142222 -0.726018
v -0.370785 0.142222 -0.751878
v -0.320816 0.142222 -0.774519
v -0.269473 0.142222 -0.793843
v -0.216977 0.142222 -0.809768
v -0.163551 0.142222 -0.822225
v -0.109424 0.142222 -0.831161
v -0.05483 0.142222 -0.836538
v 0 0.142222 -0.838333
v 0.05483 0.142222 -0.836538
v 0.109424 0.142222 -0.831161
v 0.163551 0.142222 -0.822225
v 0.216977 0.142222 -0.809768
v 0.269473 0.142222 -0.793843
v 0.320816 0.142222 -0.774519
v 0.370785 0.142222 -0.751878
v 0.419167 0.142222 -0.726018
v 0.465753 0.142222 -0.697049
v 0.510345 0.142222 -0.665095
v 0.552752 0.142222 -0.630292
v 0.592791 0.142222 -0.592791
v 0.630292 0.142222 -0.552752
v 0.665095 0.142222 -0.510345
v 0.697049 0.142222 -0.465753
v 0.726018 0.142222 -0.419167
v 0.751878 0.142222 -0.370785
v 0.774519 0.142222 -0.320816
v 0.793843 0.142222 -0.269473
v 0.809768 0.142222 -0.216977
v 0.822225 0.142222 -0.163551
v 0.831161 0.142222 -0.109424
v 0.836538 0.142222 -0.05483
v 0.83 0.14 0
v 0.828223 0.14 0.054285
v 0.822899 0.14 0.108337
v 0.814052 0.14 0.161925
v 0.801718 0.14 0.21482
v 0.785952 0.14 0.266795
v 0.76682 0.14 0.317627
v 0.744404 0.14 0.3671
v 0.718801 0.14 0.415
v 0.69012 0.14 0.461123
v 0.658483 0.14 0.505272
v 0.624027 0.14 0.547257
v 0.586899 0.14 0.586899
v 0.547257 0.14 0.624027
v 0.505272 0.14 0.658483
v 0.461123 0.14 0.69012
v 0.415 0.14 0.718801
v 0.3671 0.14 0.744404
v 0.317627 0.14 0.76682
v 0.266795 0.14 0.785952
v 0.21482 0.14 0.801718
v 0.161925 0.14 0.814052
v 0.108337 0.14 0.822899
v 0.054285 0.14 0.828223
v 0 0.14 0.83
v -0.054285 0.14 0.828223
v -0.108337 0.14 0.822899
v -0.161925 0.14 0.814052
v -0.21482 0.14 0.801718
v -0.266795 0.14 0.785952
v -0.317627 0.14 0.76682
v -0.3671 0.14 0.744404
v -0.415 0.14 0.718801
v -0.461123 0.14 0.69012
v -0.505272 0.14 0.658483
v -0.547257 0.14 0.624027
v -0.586899 0.14 0.586899
v -0.624027 0.14 0.547257
v -0.658483 0.14 0.505272
v -0.69012 0.14 0.461123
v -0.718801 0.14 0.415
v -0.744404 0.14 0.3671
v -0.76682 0.14 0.317627
v -0.785952 0.14 0.266795
v -0.801718 0.14 0.21482
v -0.814052 0.14 0.161925
v -0.822899 0.14 0.108337
v -0.828223 0.14 0.054285
v -0.83 0.14 0
v -0.828223 0.14 -0.054285
v -0.822899 0.14 -0.108337
v -0.814052 0.14 -0.161925
v -0.801718 0.14 -0.21482
v -0.785952 0.14 -0.266795
v -0.76682 0.14 -0.317627
v -0.744404 0.14 -0.3671
v -0.718801 0.14 -0.415
v -0.69012 0.14 -0.461123
v -0.658483 0.14 -0.505272
v -0.624027 0.14 -0.547257
v -0.586899 0.14 -0.586899
v -0.547257 0.14 -0.624027
v -0.505272 0.14 -0.658483
v -0.461123 0.14 -0.69012
v -0.415 0.14 -0.718801
v -0.3671 0.14 -0.744404
v -0.317627 0.14 -0.76682
v -0.266795 0.14 -0.785952
v -0.21482 0.14 -0.801718
v -0.161925 0.14 -0.814052
v -0.108337 0.14 -0.822899
v -0.054285 0.14 -0.828223
v 0 0.14 -0.83
v 0.054285 0.14 -0.828223
v 0.108337 0.14 -0.822899
v 0.161925 0.14 -0.814052
v 0.21482 0.14 -0.801718
v 0.266795 0.14 -0.785952
v 0.317627 0.14 -0.76682
v 0.3671 0.14 -0.744404
v 0.415 0.14 -0.718801
v 0.461123 0.14 -0.69012
v 0.505272 0.14 -0.658483
v 0.547257 0.14 -0.624027
v 0.586899 0.14 -0.586899
v 0.624027 0.14 -0.547257
v 0.658483 0.14 -0.505272
v 0.69012 0.14 -0.461123
v 0.718801 0.14 -0.415
v 0.744404 0.14 -0.3671
v 0.76682 0.14 -0.317627
v 0.785952 0.14 -0.266795
v 0.801718 0.14 -0.21482
v 0.814052 0.14 -0.161925
v 0.822899 0.14 -0.108337
v 0.828223 0.14 -0.054285
v 0 0.14 0
vt 0 0
vt 0.010417 0
vt 0.020833 0
vt 0.03125 0
vt 0.041667 0
vt 0.052083 0
vt 0.0625 0
vt 0.072917 0
vt 0.083333 0
vt 0.09375 0
vt 0.104167 0
vt 0.114583 0
vt 0.125 0
vt 0.135417 0
vt 0.145833 0
vt 0.15625 0
vt 0.166667 0
vt 0.177083 0
vt 0.1875 0
vt 0.197917 0
vt 0.208333 0
vt 0.21875 0
vt 0.229167 0
vt 0.239583 0
vt 0.25 0
vt 0.260417 0
vt 0.270833 0
vt 0.28125 0
vt 0.291667 0
vt 0.302083 0
vt 0.3125 0
vt 0.322917 0
vt 0.333333 0
vt 0.34375 0
vt 0.354167 0
vt 0.364583 0
vt 0.375 0
vt 0.385417 0
vt 0.395833 0
vt 0.40625 0
vt 0.416667 0
vt 0.427083 0
vt 0.4375 0
vt 0.447917 0
vt 0.458333 0
vt 0.46875 0
vt 0.479167 0
vt 0.489583 0
vt 0.5 0
vt 0.510417 0
vt 0.520833 0
vt 0.53125 0
vt 0.541667 0
vt 0.552083 0
vt 0.5625 0
vt 0.572917 0
vt 0.583333 0
vt 0.59375 0
vt 0.604167 0
vt 0.614583 0
vt 0.625 0
vt 0.635417 0
vt 0.645833 0
vt 0.65625 0
vt 0.666667 0
vt 0.677083 0
vt 0.6875 0
vt 0.697917 0
vt 0.708333 0
vt 0.71875 0
vt 0.729167 0
vt 0.739583 0
vt 0.75 0
vt 0.760417 0
vt 0.770833 0
vt 0.78125 0
vt 0.791667 0
vt 0.802083 0
vt 0.8125 0
vt 0.822917 0
vt 0.833333 0
vt 0.84375 0
vt 0.854167 0
vt 0.864583 0
vt 0.875 0
vt 0.885417 0
vt 0.895833 0
vt 0.90625 0
vt 0.916667 0
vt 0.927083 0
vt 0.9375 0
vt 0.947917 0
vt 0.958333 0
vt 0.96875 0
vt 0.979167 0
vt 0.989583 0
vt 1 0
vt 0 0.449992
vt 0.010417 0.449992
vt 0.020833 0.449992
vt 0.03125 0.449992
vt 0.041667 0.449992
vt 0.052083 0.449992
vt 0.0625 0.449992
vt 0.072917 0.449992
vt 0.083333 0.449992
vt 0.09375 0.449992
vt 0.104167 0.449992
vt 0.114583 0.449992
vt 0.125 0.449992
vt 0.135417 0.449992
vt 0.145833 0.449992
vt 0.15625 0.449992
vt 0.166667 0.449992
vt 0.177083 0.449992
vt 0.1875 0.449992
vt 0.197917 0.449992
vt 0.208333 0.449992
vt 0.21875 0.449992
vt 0.229167 0.449992
vt 0.239583 0.449992
vt 0.25 0.449992
vt 0.260417 0.449992
vt 0.270833 0.449992
vt 0.28125 0.449992
vt 0.291667 0.449992
vt 0.302083 0.449992
vt 0.3125 0.449992
vt 0.322917 0.449992
vt 0.333333 0.449992
vt 0.34375 0.449992
vt 0.354167 0.449992
vt 0.364583 0.449992
vt 0.375 0.449992
vt 0.385417 0.449992
vt 0.395833 0.449992
vt 0.40625 0.449992
vt 0.416667 0.449992
vt 0.427083 0.449992
vt 0.4375 0.449992
vt 0.447917 0.449992
vt 0.458333 0.449992
vt 0.46875 0.449992
vt 0.479167 0.449992
vt 0.489583 0.449992
vt 0.5 0.449992
vt 0.510417 0.449992
vt 0.520833 0.449992
vt 0.53125 0.449992
vt 0.541667 0.449992
vt 0.552083 0.449992
vt 0.5625 0.449992
vt 0.572917 0.449992
vt 0.583333 0.449992
vt 0.59375 0.449992
vt 0.604167 0.449992
vt 0.614583 0.449992
vt 0.625 0.449992
vt 0.635417 0.449992
vt 0.645833 0.449992
vt 0.65625 0.449992
vt 0.666667 0.449992
vt 0.677083 0.449992
vt 0.6875 0.449992
vt 0.697917 0.449992
vt 0.708333 0.449992
vt 0.71875 0.449992
vt 0.729167 0.449992
vt 0.739583 0.449992
vt 0.75 0.449992
vt 0.760417 0.449992
vt 0.770833 0.449992
vt 0.78125 0.449992
vt 0.791667 0.449992
vt 0.802083 0.449992
vt 0.8125 0.449992
vt 0.822917 0.449992
vt 0.833333 0.449992
vt 0.84375 0.449992
vt 0.854167 0.449992
vt 0.864583 0.449992
vt 0.875 0.449992
vt 0.885417 0.449992
vt 0.895833 0.449992
vt 0.90625 0.449992
vt 0.916667 0.449992
vt 0.927083 0.449992
vt 0.9375 0.449992
vt 0.947917 0.449992
vt 0.958333 0.449992
vt 0.96875 0.449992
vt 0.979167 0.449992
vt 0.989583 0.449992
vt 1 0.449992
vt 0 0.455098
vt 0.010417 0.455098
vt 0.020833 0.455098
vt 0.03125 0.455098
vt 0.041667 0.455098
vt 0.052083 0.455098
vt 0.0625 0.455098
vt 0.072917 0.455098
vt 0.083333 0.455098
vt 0.09375 0.455098
vt 0.104167 0.455098
vt 0.114583 0.455098
vt 0.125 0.455098
vt 0.135417 0.455098
vt 0.145833 0.455098
vt 0.15625 0.455098
vt 0.166667 0.455098
vt 0.177083 0.455098
vt 0.1875 0.455098
vt 0.197917 0.455098
vt 0.208333 0.455098
vt 0.21875 0.455098
vt 0.229167 0.455098
vt 0.239583 0.455098
vt 0.25 0.455098
vt 0.260417 0.455098
vt 0.270833 0.455098
vt 0.28125 0.455098
vt 0.291667 0.455098
vt 0.302083 0.455098
vt 0.3125 0.455098
vt 0.322917 0.455098
vt 0.333333 0.455098
vt 0.34375 0.455098
vt 0.354167 0.455098
vt 0.364583 0.455098
vt 0.375 0.455098
vt 0.385417 0.455098
vt 0.395833 0.455098
vt 0.40625 0.455098
vt 0.416667 0.455098
vt 0.427083 0.455098
vt 0.4375 0.455098
vt 0.447917 0.455098
vt 0.458333 0.455098
vt 0.46875 0.455098
vt 0.479167 0.455098
vt 0.489583 0.455098
vt 0.5 0.455098
vt 0.510417 0.455098
vt 0.520833 0.455098
vt 0.53125 0.455098
vt 0.541667 0.455098
vt 0.552083 0.455098
vt 0.5625 0.455098
vt 0.572917 0.455098
vt 0.583333 0.455098
vt 0.59375 0.455098
vt 0.604167 0.455098
vt 0.614583 0.455098
vt 0.625 0.455098
vt 0.635417 0.455098
vt 0.645833 0.455098
vt 0.65625 0.455098
vt 0.666667 0.455098
vt 0.677083 0.455098
vt 0.6875 0.455098
vt 0.697917 0.455098
vt 0.708333 0.455098
vt 0.71875 0.455098
vt 0.729167 0.455098
vt 0.739583 0.455098
vt 0.75 0.455098
vt 0.760417 0.455098
vt 0.770833 0.455098
vt 0.78125 0.455098
vt 0.791667 0.455098
vt 0.802083 0.455098
vt 0.8125 0.455098
vt 0.822917 0.455098
vt 0.833333 0.455098
vt 0.84375 0.455098
vt 0.854167 0.455098
vt 0.864583 0.455098
vt 0.875 0.455098
vt 0.885417 0.455098
vt 0.895833 0.455098
vt 0.90625 0.455098
vt 0.916667 0.455098
vt 0.927083 0.455098
vt 0.9375 0.455098
vt 0.947917 0.455098
vt 0.958333 0.455098
vt 0.96875 0.455098
vt 0.979167 0.455098
vt 0.989583 0.455098
vt 1 0.455098
vt 0 0.460205
vt 0.010417 0.460205
vt 0.020833 0.460205
vt 0.03125 0.460205
vt 0.041667 0.460205
vt 0.052083 0.460205
vt 0.0625 0.460205
vt 0.072917 0.460205
vt 0.083333 0.460205
vt 0.09375 0.460205
vt 0.104167 0.460205
vt 0.114583 0.460205
vt 0.125 0.460205
vt 0.135417 0.460205
vt 0.145833 0.460205
vt 0.15625 0.460205
vt 0.166667 0.460205
vt 0.177083 0.460205
vt 0.1875 0.460205
vt 0.197917 0.460205
vt 0.208333 0.460205
vt 0.21875 0.460205
vt 0.229167 0.460205
vt 0.239583 0.460205
vt 0.25 0.460205
vt 0.260417 0.460205
vt 0.270833 0.460205
vt 0.28125 0.460205
vt 0.291667 0.460205
vt 0.302083 0.460205
vt 0.3125 0.460205
vt 0.322917 0.460205
vt 0.333333 0.460205
vt 0.34375 0.460205
vt 0.354167 0.460205
vt 0.364583 0.460205
vt 0.375 0.460205
vt 0.385417 0.460205
vt 0.395833 0.460205
vt 0.40625 0.460205
vt 0.416667 0.460205
vt 0.427083 0.460205
vt 0.4375 0.460205
vt 0.447917 0.460205
vt 0.458333 0.460205
vt 0.46875 0.460205
vt 0.479167 0.460205
vt 0.489583 0.460205
vt 0.5 0.460205
vt 0.510417 0.460205
vt 0.520833 0.460205
vt 0.53125 0.460205
vt 0.541667 0.460205
vt 0.552083 0.460205
vt 0.5625 0.460205
vt 0.572917 0.460205
vt 0.583333 0.460205
vt 0.59375 0.460205
vt 0.604167 0.460205
vt 0.614583 0.460205
vt 0.625 0.460205
vt 0.635417 0.460205
vt 0.645833 0.460205
vt 0.65625 0.460205
vt 0.666667 0.460205
vt 0.677083 0.460205
vt 0.6875 0.460205
vt 0.697917 0.460205
vt 0.708333 0.460205
vt 0.71875 0.460205
vt 0.729167 0.460205
vt 0.739583 0.460205
vt 0.75 0.460205
vt 0.760417 0.460205
vt 0.770833 0.460205
vt 0.78125 0.460205
vt 0.791667 0.460205
vt 0.802083 0.460205
vt 0.8125 0.460205
vt 0.822917 0.460205
vt 0.833333 0.460205
vt 0.84375 0.460205
vt 0.854167 0.460205
vt 0.864583 0.460205
vt 0.875 0.460205
vt 0.885417 0.460205
vt 0.895833 0.460205
vt 0.90625 0.460205
vt 0.916667 0.460205
vt 0.927083 0.460205
vt 0.9375 0.460205
vt 0.947917 0.460205
vt 0.958333 0.460205
vt 0.96875 0.460205
vt 0.979167 0.460205
vt 0.989583 0.460205
vt 1 0.460205
vt 0 0.465311
vt 0.010417 0.465311
vt 0.020833 0.465311
vt 0.03125 0.465311
vt 0.041667 0.465311
vt 0.052083 0.465311
vt 0.0625 0.465311
vt 0.072917 0.465311
vt 0.083333 0.465311
vt 0.09375 0.465311
vt 0.104167 0.465311
vt 0.114583 0.465311
vt 0.125 0.465311
vt 0.135417 0.465311
vt 0.145833 0.465311
vt 0.15625 0.465311
vt 0.166667 0.465311
vt 0.177083 0.465311
vt 0.1875 0.465311
vt 0.197917 0.465311
vt 0.208333 0.465311
vt 0.21875 0.465311
vt 0.229167 0.465311
vt 0.239583 0.465311
vt 0.25 0.465311
vt 0.260417 0.465311
vt 0.270833 0.465311
vt 0.28125 0.465311
vt 0.291667 0.465311
vt 0.302083 0.465311
vt 0.3125 0.465311
vt 0.322917 0.465311
vt 0.333333 0.465311
vt 0.34375 0.465311
vt 0.354167 0.465311
vt 0.364583 0.465311
vt 0.375 0.465311
vt 0.385417 0.465311
vt 0.395833 0.465311
vt 0.40625 0.465311
vt 0.416667 0.465311
vt 0.427083 0.465311
vt 0.4375 0.465311
vt 0.447917 0.465311
vt 0.458333 0.465311
vt 0.46875 0.465311
vt 0.479167 0.465311
vt 0.489583 0.465311
vt 0.5 0.465311
vt 0.510417 0.465311
vt 0.520833 0.465311
vt 0.53125 0.465311
vt 0.541667 0.465311
vt 0.552083 0.465311
vt 0.5625 0.465311
vt 0.572917 0.465311
vt 0.583333 0.465311
vt 0.59375 0.465311
vt 0.604167 0.465311
vt 0.614583 0.465311
vt 0.625 0.465311
vt 0.635417 0.465311
vt 0.645833 0.465311
vt 0.65625 0.465311
vt 0.666667 0.465311
vt 0.677083 0.465311
vt 0.6875 0.465311
vt 0.697917 0.465311
vt 0.708333 0.465311
vt 0.71875 0.465311
vt 0.729167 0.465311
vt 0.739583 0.465311
vt 0.75 0.465311
vt 0.760417 0.465311
vt 0.770833 0.465311
vt 0.78125 0.465311
vt 0.791667 0.465311
vt 0.802083 0.465311
vt 0.8125 0.465311
vt 0.822917 0.465311
vt 0.833333 0.465311
vt 0.84375 0.465311
vt 0.854167 0.465311
vt 0.864583 0.465311
vt 0.875 0.465311
vt 0.885417 0.465311
vt 0.895833 0.465311
vt 0.90625 0.465311
vt 0.916667 0.465311
vt 0.927083 0.465311
vt 0.9375 0.465311
vt 0.947917 0.465311
vt 0.958333 0.465311
vt 0.96875 0.465311
vt 0.979167 0.465311
vt 0.989583 0.465311
vt 1 0.465311
vt 0 0.470417
vt 0.010417 0.470417
vt 0.020833 0.470417
vt 0.03125 0.470417
vt 0.041667 0.470417
vt 0.052083 0.470417
vt 0.0625 0.470417
vt 0.072917 0.470417
vt 0.083333 0.470417
vt 0.09375 0.470417
vt 0.104167 0.470417
vt 0.114583 0.470417
vt 0.125 0.470417
vt 0.135417 0.470417
vt 0.145833 0.470417
vt 0.15625 0.470417
vt 0.166667 0.470417
vt 0.177083 0.470417
vt 0.1875 0.470417
vt 0.197917 0.470417
vt 0.208333 0.470417
vt 0.21875 0.470417
vt 0.229167 0.470417
vt 0.239583 0.470417
vt 0.25 0.470417
vt 0.260417 0.470417
vt 0.270833 0.470417
vt 0.28125 0.470417
vt 0.291667 0.470417
vt 0.302083 0.470417
vt 0.3125 0.470417
vt 0.322917 0.470417
vt 0.333333 0.470417
vt 0.34375 0.470417
vt 0.354167 0.470417
vt 0.364583 0.470417
vt 0.375 0.470417
vt 0.385417 0.470417
vt 0.395833 0.470417
vt 0.40625 0.470417
vt 0.416667 0.470417
vt 0.427083 0.470417
vt 0.4375 0.470417
vt 0.447917 0.470417
vt 0.458333 0.470417
vt 0.46875 0.470417
vt 0.479167 0.470417
vt 0.489583 0.470417
vt 0.5 0.470417
vt 0.510417 0.470417
vt 0.520833 0.470417
vt 0.53125 0.470417
vt 0.541667 0.470417
vt 0.552083 0.470417
vt 0.5625 0.470417
vt 0.572917 0.470417
vt 0.583333 0.470417
vt 0.59375 0.470417
vt 0.604167 0.470417
vt 0.614583 0.470417
vt 0.625 0.470417
vt 0.635417 0.470417
vt 0.645833 0.470417
vt 0.65625 0.470417
vt 0.666667 0.470417
vt 0.677083 0.470417
vt 0.6875 0.470417
vt 0.697917 0.470417
vt 0.708333 0.470417
vt 0.71875 0.470417
vt 0.729167 0.470417
vt 0.739583 0.470417
vt 0.75 0.470417
vt 0.760417 0.470417
vt 0.770833 0.470417
vt 0.78125 0.470417
vt 0.791667 0.470417
vt 0.802083 0.470417
vt 0.8125 0.470417
vt 0.822917 0.470417
vt 0.833333 0.470417
vt 0.84375 0.470417
vt 0.854167 0.470417
vt 0.864583 0.470417
vt 0.875 0.470417
vt 0.885417 0.470417
vt 0.895833 0.470417
vt 0.90625 0.470417
vt 0.916667 0.470417
vt 0.927083 0.470417
vt 0.9375 0.470417
vt 0.947917 0.470417
vt 0.958333 0.470417
vt 0.96875 0.470417
vt 0.979167 0.470417
vt 0.989583 0.470417
vt 1 0.470417
vt 0 0.475524
vt 0.010417 0.475524
vt 0.020833 0.475524
vt 0.03125 0.475524
vt 0.041667 0.475524
vt 0.052083 0.475524
vt 0.0625 0.475524
vt 0.072917 0.475524
vt 0.083333 0.475524
vt 0.09375 0.475524
vt 0.104167 0.475524
vt 0.114583 0.475524
vt 0.125 0.475524
vt 0.135417 0.475524
vt 0.145833 0.475524
vt 0.15625 0.475524
vt 0.166667 0.475524
vt 0.177083 0.475524
vt 0.1875 0.475524
vt 0.197917 0.475524
vt 0.208333 0.475524
vt 0.21875 0.475524
vt 0.229167 0.475524
vt 0.239583 0.475524
vt 0.25 0.475524
vt 0.260417 0.475524
vt 0.270833 0.475524
vt 0.28125 0.475524
vt 0.291667 0.475524
vt 0.302083 0.475524
vt 0.3125 0.475524
vt 0.322917 0.475524
vt 0.333333 0.475524
vt 0.34375 0.475524
vt 0.354167 0.475524
vt 0.364583 0.475524
vt 0.375 0.475524
vt 0.385417 0.475524
vt 0.395833 0.475524
vt 0.40625 0.475524
vt 0.416667 0.475524
vt 0.427083 0.475524
vt 0.4375 0.475524
vt 0.447917 0.475524
vt 0.458333 0.475524
vt 0.46875 0.475524
vt 0.479167 0.475524
vt 0.489583 0.475524
vt 0.5 0.475524
vt 0.510417 0.475524
vt 0.520833 0.475524
vt 0.53125 0.475524
vt 0.541667 0.475524
vt 0.552083 0.475524
vt 0.5625 0.475524
vt 0.572917 0.475524
vt 0.583333 0.475524
vt 0.59375 0.475524
vt 0.604167 0.475524
vt 0.614583 0.475524
vt 0.625 0.475524
vt 0.635417 0.475524
vt 0.645833 0.475524
vt 0.65625 0.475524
vt 0.666667 0.475524
vt 0.677083 0.475524
vt 0.6875 0.475524
vt 0.697917 0.475524
vt 0.708333 0.475524
vt 0.71875 0.475524
vt 0.729167 0.475524
vt 0.739583 0.475524
vt 0.75 0.475524
vt 0.760417 0.475524
vt 0.770833 0.475524
vt 0.78125 0.475524
vt 0.791667 0.475524
vt 0.802083 0.475524
vt 0.8125 0.475524
vt 0.822917 0.475524
vt 0.833333 0.475524
vt 0.84375 0.475524
vt 0.854167 0.475524
vt 0.864583 0.475524
vt 0.875 0.475524
vt 0.885417 0.475524
vt 0.895833 0.475524
vt 0.90625 0.475524
vt 0.916667 0.475524
vt 0.927083 0.475524
vt 0.9375 0.475524
vt 0.947917 0.475524
vt 0.958333 0.475524
vt 0.96875 0.475524
vt 0.979167 0.475524
vt 0.989583 0.475524
vt 1 0.475524
vt 0 0.517492
vt 0.010417 0.517492
vt 0.020833 0.517492
vt 0.03125 0.517492
vt 0.041667 0.517492
vt 0.052083 0.517492
vt 0.0625 0.517492
vt 0.072917 0.517492
vt 0.083333 0.517492
vt 0.09375 0.517492
vt 0.104167 0.517492
vt 0.114583 0.517492
vt 0.125 0.517492
vt 0.135417 0.517492
vt 0.145833 0.517492
vt 0.15625 0.517492
vt 0.166667 0.517492
vt 0.177083 0.517492
vt 0.1875 0.517492
vt 0.197917 0.517492
vt 0.208333 0.517492
vt 0.21875 0.517492
vt 0.229167 0.517492
vt 0.239583 0.517492
vt 0.25 0.517492
vt 0.260417 0.517492
vt 0.270833 0.517492
vt 0.28125 0.517492
vt 0.291667 0.517492
vt 0.302083 0.517492
vt 0.3125 0.517492
vt 0.322917 0.517492
vt 0.333333 0.517492
vt 0.34375 0.517492
vt 0.354167 0.517492
vt 0.364583 0.517492
vt 0.375 0.517492
vt 0.385417 0.517492
vt 0.395833 0.517492
vt 0.40625 0.517492
vt 0.416667 0.517492
vt 0.427083 0.517492
vt 0.4375 0.517492
vt 0.447917 0.517492
vt 0.458333 0.517492
vt 0.46875 0.517492
vt 0.479167 0.517492
vt 0.489583 0.517492
vt 0.5 0.517492
vt 0.510417 0.517492
vt 0.520833 0.517492
vt 0.53125 0.517492
vt 0.541667 0.517492
vt 0.552083 0.517492
vt 0.5625 0.517492
vt 0.572917 0.517492
vt 0.583333 0.517492
vt 0.59375 0.517492
vt 0.604167 0.517492
vt 0.614583 0.517492
vt 0.625 0.517492
vt 0.635417 0.517492
vt 0.645833 0.517492
vt 0.65625 0.517492
vt 0.666667 0.517492
vt 0.677083 0.517492
vt 0.6875 0.517492
vt 0.697917 0.517492
vt 0.708333 0.517492
vt 0.71875 0.517492
vt 0.729167 0.517492
vt 0.739583 0.517492
vt 0.75 0.517492
vt 0.760417 0.517492
vt 0.770833 0.517492
vt 0.78125 0.517492
vt 0.791667 0.517492
vt 0.802083 0.517492
vt 0.8125 0.517492
vt 0.822917 0.517492
vt 0.833333 0.517492
vt 0.84375 0.517492
vt 0.854167 0.517492
vt 0.864583 0.517492
vt 0.875 0.517492
vt 0.885417 0.517492
vt 0.895833 0.517492
vt 0.90625 0.517492
vt 0.916667 0.517492
vt 0.927083 0.517492
vt 0.9375 0.517492
vt 0.947917 0.517492
vt 0.958333 0.517492
vt 0.96875 0.517492
vt 0.979167 0.517492
vt 0.989583 0.517492
vt 1 0.517492
vt 0 0.524057
vt 0.010417 0.524057
vt 0.020833 0.524057
vt 0.03125 0.524057
vt 0.041667 0.524057
vt 0.052083 0.524057
vt 0.0625 0.524057
vt 0.072917 0.524057
vt 0.083333 0.524057
vt 0.09375 0.524057
vt 0.104167 0.524057
vt 0.114583 0.524057
vt 0.125 0.524057
vt 0.135417 0.524057
vt 0.145833 0.524057
vt 0.15625 0.524057
vt 0.166667 0.524057
vt 0.177083 0.524057
vt 0.1875 0.524057
vt 0.197917 0.524057
vt 0.208333 0.524057
vt 0.21875 0.524057
vt 0.229167 0.524057
vt 0.239583 0.524057
vt 0.25 0.524057
vt 0.260417 0.524057
vt 0.270833 0.524057
vt 0.28125 0.524057
vt 0.291667 0.524057
vt 0.302083 0.524057
vt 0.3125 0.524057
vt 0.322917 0.524057
vt 0.333333 0.524057
vt 0.34375 0.524057
vt 0.354167 0.524057
vt 0.364583 0.524057
vt 0.375 0.524057
vt 0.385417 0.524057
vt 0.395833 0.524057
vt 0.40625 0.524057
vt 0.416667 0.524057
vt 0.427083 0.524057
vt 0.4375 0.524057
vt 0.447917 0.524057
vt 0.458333 0.524057
vt 0.46875 0.524057
vt 0.479167 0.524057
vt 0.489583 0.524057
vt 0.5 0.524057
vt 0.510417 0.524057
vt 0.520833 0.524057
vt 0.53125 0.524057
vt 0.541667 0.524057
vt 0.552083 0.524057
vt 0.5625 0.524057
vt 0.572917 0.524057
vt 0.583333 0.524057
vt 0.59375 0.524057
vt 0.604167 0.524057
vt 0.614583 0.524057
vt 0.625 0.524057
vt 0.635417 0.524057
vt 0.645833 0.524057
vt 0.65625 0.524057
vt 0.666667 0.524057
vt 0.677083 0.524057
vt 0.6875 0.524057
vt 0.697917 0.524057
vt 0.708333 0.524057
vt 0.71875 0.524057
vt 0.729167 0.524057
vt 0.739583 0.524057
vt 0.75 0.524057
vt 0.760417 0.524057
vt 0.770833 0.524057
vt 0.78125 0.524057
vt 0.791667 0.524057
vt 0.802083 0.524057
vt 0.8125 0.524057
vt 0.822917 0.524057
vt 0.833333 0.524057
vt 0.84375 0.524057
vt 0.854167 0.524057
vt 0.864583 0.524057
vt 0.875 0.524057
vt 0.885417 0.524057
vt 0.895833 0.524057
vt 0.90625 0.524057
vt 0.916667 0.524057
vt 0.927083 0.524057
vt 0.9375 0.524057
vt 0.947917 0.524057
vt 0.958333 0.524057
vt 0.96875 0.524057
vt 0.979167 0.524057
vt 0.989583 0.524057
vt 1 0.524057
vt 0 0.530622
vt 0.010417 0.530622
vt 0.020833 0.530622
vt 0.03125 0.530622
vt 0.041667 0.530622
vt 0.052083 0.530622
vt 0.0625 0.530622
vt 0.072917 0.530622
vt 0.083333 0.530622
vt 0.09375 0.530622
vt 0.104167 0.530622
vt 0.114583 0.530622
vt 0.125 0.530622
vt 0.135417 0.530622
vt 0.145833 0.530622
vt 0.15625 0.530622
vt 0.166667 0.530622
vt 0.177083 0.530622
vt 0.1875 0.530622
vt 0.197917 0.530622
vt 0.208333 0.530622
vt 0.21875 0.530622
vt 0.229167 0.530622
vt 0.239583 0.530622
vt 0.25 0.530622
vt 0.260417 0.530622
vt 0.270833 0.530622
vt 0.28125 0.530622
vt 0.291667 0.530622
vt 0.302083 0.530622
vt 0.3125 0.530622
vt 0.322917 0.530622
vt 0.333333 0.530622
vt 0.34375 0.530622
vt 0.354167 0.530622
vt 0.364583 0.530622
vt 0.375 0.530622
vt 0.385417 0.530622
vt 0.395833 0.530622
vt 0.40625 0.530622
vt 0.416667 0.530622
vt 0.427083 0.530622
vt 0.4375 0.530622
vt 0.447917 0.530622
vt 0.458333 0.530622
vt 0.46875 0.530622
vt 0.479167 0.530622
vt 0.489583 0.530622
vt 0.5 0.530622
vt 0.510417 0.530622
vt 0.520833 0.530622
vt 0.53125 0.530622
vt 0.541667 0.530622
vt 0.552083 0.530622
vt 0.5625 0.530622
vt 0.572917 0.530622
vt 0.583333 0.530622
vt 0.59375 0.530622
vt 0.604167 0.530622
vt 0.614583 0.530622
vt 0.625 0.530622
vt 0.635417 0.530622
vt 0.645833 0.530622
vt 0.65625 0.530622
vt 0.666667 0.530622
vt 0.677083 0.530622
vt 0.6875 0.530622
vt 0.697917 0.530622
vt 0.708333 0.530622
vt 0.71875 0.530622
vt 0.729167 0.530622
vt 0.739583 0.530622
vt 0.75 0.530622
vt 0.760417 0.530622
vt 0.770833 0.530622
vt 0.78125 0.530622
vt 0.791667 0.530622
vt 0.802083 0.530622
vt 0.8125 0.530622
vt 0.822917 0.530622
vt 0.833333 0.530622
vt 0.84375 0.530622
vt 0.854167 0.530622
vt 0.864583 0.530622
vt 0.875 0.530622
vt 0.885417 0.530622
vt 0.895833 0.530622
vt 0.90625 0.530622
vt 0.916667 0.530622
vt 0.927083 0.530622
vt 0.9375 0.530622
vt 0.947917 0.530622
vt 0.958333 0.530622
vt 0.96875 0.530622
vt 0.979167 0.530622
vt 0.989583 0.530622
vt 1 0.530622
vt 0 0.537188
vt 0.010417 0.537188
vt 0.020833 0.537188
vt 0.03125 0.537188
vt 0.041667 0.537188
vt 0.052083 0.537188
vt 0.0625 0.537188
vt 0.072917 0.537188
vt 0.083333 0.537188
vt 0.09375 0.537188
vt 0.104167 0.537188
vt 0.114583 0.537188
vt 0.125 0.537188
vt 0.135417 0.537188
vt 0.145833 0.537188
vt 0.15625 0.537188
vt 0.166667 0.537188
vt 0.177083 0.537188
vt 0.1875 0.537188
vt 0.197917 0.537188
vt 0.208333 0.537188
vt 0.21875 0.537188
vt 0.229167 0.537188
vt 0.239583 0.537188
vt 0.25 0.537188
vt 0.260417 0.537188
vt 0.270833 0.537188
vt 0.28125 0.537188
vt 0.291667 0.537188
vt 0.302083 0.537188
vt 0.3125 0.537188
vt 0.322917 0.537188
vt 0.333333 0.537188
vt 0.34375 0.537188
vt 0.354167 0.537188
vt 0.364583 0.537188
vt 0.375 0.537188
vt 0.385417 0.537188
vt 0.395833 0.537188
vt 0.40625 0.537188
vt 0.416667 0.537188
vt 0.427083 0.537188
vt 0.4375 0.537188
vt 0.447917 0.537188
vt 0.458333 0.537188
vt 0.46875 0.537188
vt 0.479167 0.537188
vt 0.489583 0.537188
vt 0.5 0.537188
vt 0.510417 0.537188
vt 0.520833 0.537188
vt 0.53125 0.537188
vt 0.541667 0.537188
vt 0.552083 0.537188
vt 0.5625 0.537188
vt 0.572917 0.537188
vt 0.583333 0.537188
vt 0.59375 0.537188
vt 0.604167 0.537188
vt 0.614583 0.537188
vt 0.625 0.537188
vt 0.635417 0.537188
vt 0.645833 0.537188
vt 0.65625 0.537188
vt 0.666667 0.537188
vt 0.677083 0.537188
vt 0.6875 0.537188
vt 0.697917 0.537188
vt 0.708333 0.537188
vt 0.71875 0.537188
vt 0.729167 0.537188
vt 0.739583 0.537188
vt 0.75 0.537188
vt 0.760417 0.537188
vt 0.770833 0.537188
vt 0.78125 0.537188
vt 0.791667 0.537188
vt 0.802083 0.537188
vt 0.8125 0.537188
vt 0.822917 0.537188
vt 0.833333 0.537188
vt 0.84375 0.537188
vt 0.854167 0.537188
vt 0.864583 0.537188
vt 0.875 0.537188
vt 0.885417 0.537188
vt 0.895833 0.537188
vt 0.90625 0.537188
vt 0.916667 0.537188
vt 0.927083 0.537188
vt 0.9375 0.537188
vt 0.947917 0.537188
vt 0.958333 0.537188
vt 0.96875 0.537188
vt 0.979167 0.537188
vt 0.989583 0.537188
vt 1 0.537188
vt 0 0.543753
vt 0.010417 0.543753
vt 0.020833 0.543753
vt 0.03125 0.543753
vt 0.041667 0.543753
vt 0.052083 0.543753
vt 0.0625 0.543753
vt 0.072917 0.543753
vt 0.083333 0.543753
vt 0.09375 0.543753
vt 0.104167 0.543753
vt 0.114583 0.543753
vt 0.125 0.543753
vt 0.135417 0.543753
vt 0.145833 0.543753
vt 0.15625 0.543753
vt 0.166667 0.543753
vt 0.177083 0.543753
vt 0.1875 0.543753
vt 0.197917 0.543753
vt 0.208333 0.543753
vt 0.21875 0.543753
vt 0.229167 0.543753
vt 0.239583 0.543753
vt 0.25 0.543753
vt 0.260417 0.543753
vt 0.270833 0.543753
vt 0.28125 0.543753
vt 0.291667 0.543753
vt 0.302083 0.543753
vt 0.3125 0.543753
vt 0.322917 0.543753
vt 0.333333 0.543753
vt 0.34375 0.543753
vt 0.354167 0.543753
vt 0.364583 0.543753
vt 0.375 0.543753
vt 0.385417 0.543753
vt 0.395833 0.543753
vt 0.40625 0.543753
vt 0.416667 0.543753
vt 0.427083 0.543753
vt 0.4375 0.543753
vt 0.447917 0.543753
vt 0.458333 0.543753
vt 0.46875 0.543753
vt 0.479167 0.543753
vt 0.489583 0.543753
vt 0.5 0.543753
vt 0.510417 0.543753
vt 0.520833 0.543753
vt 0.53125 0.543753
vt 0.541667 0.543753
vt 0.552083 0.543753
vt 0.5625 0.543753
vt 0.572917 0.543753
vt 0.583333 0.543753
vt 0.59375 0.543753
vt 0.604167 0.543753
vt 0.614583 0.543753
vt 0.625 0.543753
vt 0.635417 0.543753
vt 0.645833 0.543753
vt 0.65625 0.543753
vt 0.666667 0.543753
vt 0.677083 0.543753
vt 0.6875 0.543753
vt 0.697917 0.543753
vt 0.708333 0.543753
vt 0.71875 0.543753
vt 0.729167 0.543753
vt 0.739583 0.543753
vt 0.75 0.543753
vt 0.760417 0.543753
vt 0.770833 0.543753
vt 0.78125 0.543753
vt 0.791667 0.543753
vt 0.802083 0.543753
vt 0.8125 0.543753
vt 0.822917 0.543753
vt 0.833333 0.543753
vt 0.84375 0.543753
vt 0.854167 0.543753
vt 0.864583 0.543753
vt 0.875 0.543753
vt 0.885417 0.543753
vt 0.895833 0.543753
vt 0.90625 0.543753
vt 0.916667 0.543753
vt 0.927083 0.543753
vt 0.9375 0.543753
vt 0.947917 0.543753
vt 0.958333 0.543753
vt 0.96875 0.543753
vt 0.979167 0.543753
vt 0.989583 0.543753
vt 1 0.543753
vt 0 0.550318
vt 0.010417 0.550318
vt 0.020833 0.550318
vt 0.03125 0.550318
vt 0.041667 0.550318
vt 0.052083 0.550318
vt 0.0625 0.550318
vt 0.072917 0.550318
vt 0.083333 0.550318
vt 0.09375 0.550318
vt 0.104167 0.550318
vt 0.114583 0.550318
vt 0.125 0.550318
vt 0.135417 0.550318
vt 0.145833 0.550318
vt 0.15625 0.550318
vt 0.166667 0.550318
vt 0.177083 0.550318
vt 0.1875 0.550318
vt 0.197917 0.550318
vt 0.208333 0.550318
vt 0.21875 0.550318
vt 0.229167 0.550318
vt 0.239583 0.550318
vt 0.25 0.550318
vt 0.260417 0.550318
vt 0.270833 0.550318
vt 0.28125 0.550318
vt 0.291667 0.550318
vt 0.302083 0.550318
vt 0.3125 0.550318
vt 0.322917 0.550318
vt 0.333333 0.550318
vt 0.34375 0.550318
vt 0.354167 0.550318
vt 0.364583 0.550318
vt 0.375 0.550318
vt 0.385417 0.550318
vt 0.395833 0.550318
vt 0.40625 0.550318
vt 0.416667 0.550318
vt 0.427083 0.550318
vt 0.4375 0.550318
vt 0.447917 0.550318
vt 0.458333 0.550318
vt 0.46875 0.550318
vt 0.479167 0.550318
vt 0.489583 0.550318
vt 0.5 0.550318
vt 0.510417 0.550318
vt 0.520833 0.550318
vt 0.53125 0.550318
vt 0.541667 0.550318
vt 0.552083 0.550318
vt 0.5625 0.550318
vt 0.572917 0.550318
vt 0.583333 0.550318
vt 0.59375 0.550318
vt 0.604167 0.550318
vt 0.614583 0.550318
vt 0.625 0.550318
vt 0.635417 0.550318
vt 0.645833 0.550318
vt 0.65625 0.550318
vt 0.666667 0.550318
vt 0.677083 0.550318
vt 0.6875 0.550318
vt 0.697917 0.550318
vt 0.708333 0.550318
vt 0.71875 0.550318
vt 0.729167 0.550318
vt 0.739583 0.550318
vt 0.75 0.550318
vt 0.760417 0.550318
vt 0.770833 0.550318
vt 0.78125 0.550318
vt 0.791667 0.550318
vt 0.802083 0.550318
vt 0.8125 0.550318
vt 0.822917 0.550318
vt 0.833333 0.550318
vt 0.84375 0.550318
vt 0.854167 0.550318
vt 0.864583 0.550318
vt 0.875 0.550318
vt 0.885417 0.550318
vt 0.895833 0.550318
vt 0.90625 0.550318
vt 0.916667 0.550318
vt 0.927083 0.550318
vt 0.9375 0.550318
vt 0.947917 0.550318
vt 0.958333 0.550318
vt 0.96875 0.550318
vt 0.979167 0.550318
vt 0.989583 0.550318
vt 1 0.550318
vt 0 0.585292
vt 0.010417 0.585292
vt 0.020833 0.585292
vt 0.03125 0.585292
vt 0.041667 0.585292
vt 0.052083 0.585292
vt 0.0625 0.585292
vt 0.072917 0.585292
vt 0.083333 0.585292
vt 0.09375 0.585292
vt 0.104167 0.585292
vt 0.114583 0.585292
vt 0.125 0.585292
vt 0.135417 0.585292
vt 0.145833 0.585292
vt 0.15625 0.585292
vt 0.166667 0.585292
vt 0.177083 0.585292
vt 0.1875 0.585292
vt 0.197917 0.585292
vt 0.208333 0.585292
vt 0.21875 0.585292
vt 0.229167 0.585292
vt 0.239583 0.585292
vt 0.25 0.585292
vt 0.260417 0.585292
vt 0.270833 0.585292
vt 0.28125 0.585292
vt 0.291667 0.585292
vt 0.302083 0.585292
vt 0.3125 0.585292
vt 0.322917 0.585292
vt 0.333333 0.585292
vt 0.34375 0.585292
vt 0.354167 0.585292
vt 0.364583 0.585292
vt 0.375 0.585292
vt 0.385417 0.585292
vt 0.395833 0.585292
vt 0.40625 0.585292
vt 0.416667 0.585292
vt 0.427083 0.585292
vt 0.4375 0.585292
vt 0.447917 0.585292
vt 0.458333 0.585292
vt 0.46875 0.585292
vt 0.479167 0.585292
vt 0.489583 0.585292
vt 0.5 0.585292
vt 0.510417 0.585292
vt 0.520833 0.585292
vt 0.53125 0.585292
vt 0.541667 0.585292
vt 0.552083 0.585292
vt 0.5625 0.585292
vt 0.572917 0.585292
vt 0.583333 0.585292
vt 0.59375 0.585292
vt 0.604167 0.585292
vt 0.614583 0.585292
vt 0.625 0.585292
vt 0.635417 0.585292
vt 0.645833 0.585292
vt 0.65625 0.585292
vt 0.666667 0.585292
vt 0.677083 0.585292
vt 0.6875 0.585292
vt 0.697917 0.585292
vt 0.708333 0.585292
vt 0.71875 0.585292
vt 0.729167 0.585292
vt 0.739583 0.585292
vt 0.75 0.585292
vt 0.760417 0.585292
vt 0.770833 0.585292
vt 0.78125 0.585292
vt 0.791667 0.585292
vt 0.802083 0.585292
vt 0.8125 0.585292
vt 0.822917 0.585292
vt 0.833333 0.585292
vt 0.84375 0.585292
vt 0.854167 0.585292
vt 0.864583 0.585292
vt 0.875 0.585292
vt 0.885417 0.585292
vt 0.895833 0.585292
vt 0.90625 0.585292
vt 0.916667 0.585292
vt 0.927083 0.585292
vt 0.9375 0.585292
vt 0.947917 0.585292
vt 0.958333 0.585292
vt 0.96875 0.585292
vt 0.979167 0.585292
vt 0.989583 0.585292
vt 1 0.585292
vt 0 0.589313
vt 0.010417 0.589313
vt 0.020833 0.589313
vt 0.03125 0.589313
vt 0.041667 0.589313
vt 0.052083 0.589313
vt 0.0625 0.589313
vt 0.072917 0.589313
vt 0.083333 0.589313
vt 0.09375 0.589313
vt 0.104167 0.589313
vt 0.114583 0.589313
vt 0.125 0.589313
vt 0.135417 0.589313
vt 0.145833 0.589313
vt 0.15625 0.589313
vt 0.166667 0.589313
vt 0.177083 0.589313
vt 0.1875 0.589313
vt 0.197917 0.589313
vt 0.208333 0.589313
vt 0.21875 0.589313
vt 0.229167 0.589313
vt 0.239583 0.589313
vt 0.25 0.589313
vt 0.260417 0.589313
vt 0.270833 0.589313
vt 0.28125 0.589313
vt 0.291667 0.589313
vt 0.302083 0.589313
vt 0.3125 0.589313
vt 0.322917 0.589313
vt 0.333333 0.589313
vt 0.34375 0.589313
vt 0.354167 0.589313
vt 0.364583 0.589313
vt 0.375 0.589313
vt 0.385417 0.589313
vt 0.395833 0.589313
vt 0.40625 0.589313
vt 0.416667 0.589313
vt 0.427083 0.589313
vt 0.4375 0.589313
vt 0.447917 0.589313
vt 0.458333 0.589313
vt 0.46875 0.589313
vt 0.479167 0.589313
vt 0.489583 0.589313
vt 0.5 0.589313
vt 0.510417 0.589313
vt 0.520833 0.589313
vt 0.53125 0.589313
vt 0.541667 0.589313
vt 0.552083 0.589313
vt 0.5625 0.589313
vt 0.572917 0.589313
vt 0.583333 0.589313
vt 0.59375 0.589313
vt 0.604167 0.589313
vt 0.614583 0.589313
vt 0.625 0.589313
vt 0.635417 0.589313
vt 0.645833 0.589313
vt 0.65625 0.589313
vt 0.666667 0.589313
vt 0.677083 0.589313
vt 0.6875 0.589313
vt 0.697917 0.589313
vt 0.708333 0.589313
vt 0.71875 0.589313
vt 0.729167 0.589313
vt 0.739583 0.589313
vt 0.75 0.589313
vt 0.760417 0.589313
vt 0.770833 0.589313
vt 0.78125 0.589313
vt 0.791667 0.589313
vt 0.802083 0.589313
vt 0.8125 0.589313
vt 0.822917 0.589313
vt 0.833333 0.589313
vt 0.84375 0.589313
vt 0.854167 0.589313
vt 0.864583 0.589313
vt 0.875 0.589313
vt 0.885417 0.589313
vt 0.895833 0.589313
vt 0.90625 0.589313
vt 0.916667 0.589313
vt 0.927083 0.589313
vt 0.9375 0.589313
vt 0.947917 0.589313
vt 0.958333 0.589313
vt 0.96875 0.589313
vt 0.979167 0.589313
vt 0.989583 0.589313
vt 1 0.589313
vt 0 0.593984
vt 0.010417 0.593984
vt 0.020833 0.593984
vt 0.03125 0.593984
vt 0.041667 0.593984
vt 0.052083 0.593984
vt 0.0625 0.593984
vt 0.072917 0.593984
vt 0.083333 0.593984
vt 0.09375 0.593984
vt 0.104167 0.593984
vt 0.114583 0.593984
vt 0.125 0.593984
vt 0.135417 0.593984
vt 0.145833 0.593984
vt 0.15625 0.593984
vt 0.166667 0.593984
vt 0.177083 0.593984
vt 0.1875 0.593984
vt 0.197917 0.593984
vt 0.208333 0.593984
vt 0.21875 0.593984
vt 0.229167 0.593984
vt 0.239583 0.593984
vt 0.25 0.593984
vt 0.260417 0.593984
vt 0.270833 0.593984
vt 0.28125 0.593984
vt 0.291667 0.593984
vt 0.302083 0.593984
vt 0.3125 0.593984
vt 0.322917 0.593984
vt 0.333333 0.593984
vt 0.34375 0.593984
vt 0.354167 0.593984
vt 0.364583 0.593984
vt 0.375 0.593984
vt 0.385417 0.593984
vt 0.395833 0.593984
vt 0.40625 0.593984
vt 0.416667 0.593984
vt 0.427083 0.593984
vt 0.4375 0.593984
vt 0.447917 0.593984
vt 0.458333 0.593984
vt 0.46875 0.593984
vt 0.479167 0.593984
vt 0.489583 0.593984
vt 0.5 0.593984
vt 0.510417 0.593984
vt 0.520833 0.593984
vt 0.53125 0.593984
vt 0.541667 0.593984
vt 0.552083 0.593984
vt 0.5625 0.593984
vt 0.572917 0.593984
vt 0.583333 0.593984
vt 0.59375 0.593984
vt 0.604167 0.593984
vt 0.614583 0.593984
vt 0.625 0.593984
vt 0.635417 0.593984
vt 0.645833 0.593984
vt 0.65625 0.593984
vt 0.666667 0.593984
vt 0.677083 0.593984
vt 0.6875 0.593984
vt 0.697917 0.593984
vt 0.708333 0.593984
vt 0.71875 0.593984
vt 0.729167 0.593984
vt 0.739583 0.593984
vt 0.75 0.593984
vt 0.760417 0.593984
vt 0.770833 0.593984
vt 0.78125 0.593984
vt 0.791667 0.593984
vt 0.802083 0.593984
vt 0.8125 0.593984
vt 0.822917 0.593984
vt 0.833333 0.593984
vt 0.84375 0.593984
vt 0.854167 0.593984
vt 0.864583 0.593984
vt 0.875 0.593984
vt 0.885417 0.593984
vt 0.895833 0.593984
vt 0.90625 0.593984
vt 0.916667 0.593984
vt 0.927083 0.593984
vt 0.9375 0.593984
vt 0.947917 0.593984
vt 0.958333 0.593984
vt 0.96875 0.593984
vt 0.979167 0.593984
vt 0.989583 0.593984
vt 1 0.593984
vt 0 0.599126
vt 0.010417 0.599126
vt 0.020833 0.599126
vt 0.03125 0.599126
vt 0.041667 0.599126
vt 0.052083 0.599126
vt 0.0625 0.599126
vt 0.072917 0.599126
vt 0.083333 0.599126
vt 0.09375 0.599126
vt 0.104167 0.599126
vt 0.114583 0.599126
vt 0.125 0.599126
vt 0.135417 0.599126
vt 0.145833 0.599126
vt 0.15625 0.599126
vt 0.166667 0.599126
vt 0.177083 0.599126
vt 0.1875 0.599126
vt 0.197917 0.599126
vt 0.208333 0.599126
vt 0.21875 0.599126
vt 0.229167 0.599126
vt 0.239583 0.599126
vt 0.25 0.599126
vt 0.260417 0.599126
vt 0.270833 0.599126
vt 0.28125 0.599126
vt 0.291667 0.599126
vt 0.302083 0.599126
vt 0.3125 0.599126
vt 0.322917 0.599126
vt 0.333333 0.599126
vt 0.34375 0.599126
vt 0.354167 0.599126
vt 0.364583 0.599126
vt 0.375 0.599126
vt 0.385417 0.599126
vt 0.395833 0.599126
vt 0.40625 0.599126
vt 0.416667 0.599126
vt 0.427083 0.599126
vt 0.4375 0.599126
vt 0.447917 0.599126
vt 0.458333 0.599126
vt 0.46875 0.599126
vt 0.479167 0.599126
vt 0.489583 0.599126
vt 0.5 0.599126
vt 0.510417 0.599126
vt 0.520833 0.599126
vt 0.53125 0.599126
vt 0.541667 0.599126
vt 0.552083 0.599126
vt 0.5625 0.599126
vt 0.572917 0.599126
vt 0.583333 0.599126
vt 0.59375 0.599126
vt 0.604167 0.599126
vt 0.614583 0.599126
vt 0.625 0.599126
vt 0.635417 0.599126
vt 0.645833 0.599126
vt 0.65625 0.599126
vt 0.666667 0.599126
vt 0.677083 0.599126
vt 0.6875 0.599126
vt 0.697917 0.599126
vt 0.708333 0.599126
vt 0.71875 0.599126
vt 0.729167 0.599126
vt 0.739583 0.599126
vt 0.75 0.599126
vt 0.760417 0.599126
vt 0.770833 0.599126
vt 0.78125 0.599126
vt 0.791667 0.599126
vt 0.802083 0.599126
vt 0.8125 0.599126
vt 0.822917 0.599126
vt 0.833333 0.599126
vt 0.84375 0.599126
vt 0.854167 0.599126
vt 0.864583 0.599126
vt 0.875 0.599126
vt 0.885417 0.599126
vt 0.895833 0.599126
vt 0.90625 0.599126
vt 0.916667 0.599126
vt 0.927083 0.599126
vt 0.9375 0.599126
vt 0.947917 0.599126
vt 0.958333 0.599126
vt 0.96875 0.599126
vt 0.979167 0.599126
vt 0.989583 0.599126
vt 1 0.599126
vt 0 0.604268
vt 0.010417 0.604268
vt 0.020833 0.604268
vt 0.03125 0.604268
vt 0.041667 0.604268
vt 0.052083 0.604268
vt 0.0625 0.604268
vt 0.072917 0.604268
vt 0.083333 0.604268
vt 0.09375 0.604268
vt 0.104167 0.604268
vt 0.114583 0.604268
vt 0.125 0.604268
vt 0.135417 0.604268
vt 0.145833 0.604268
vt 0.15625 0.604268
vt 0.166667 0.604268
vt 0.177083 0.604268
vt 0.1875 0.604268
vt 0.197917 0.604268
vt 0.208333 0.604268
vt 0.21875 0.604268
vt 0.229167 0.604268
vt 0.239583 0.604268
vt 0.25 0.604268
vt 0.260417 0.604268
vt 0.270833 0.604268
vt 0.28125 0.604268
vt 0.291667 0.604268
vt 0.302083 0.604268
vt 0.3125 0.604268
vt 0.322917 0.604268
vt 0.333333 0.604268
vt 0.34375 0.604268
vt 0.354167 0.604268
vt 0.364583 0.604268
vt 0.375 0.604268
vt 0.385417 0.604268
vt 0.395833 0.604268
vt 0.40625 0.604268
vt 0.416667 0.604268
vt 0.427083 0.604268
vt 0.4375 0.604268
vt 0.447917 0.604268
vt 0.458333 0.604268
vt 0.46875 0.604268
vt 0.479167 0.604268
vt 0.489583 0.604268
vt 0.5 0.604268
vt 0.510417 0.604268
vt 0.520833 0.604268
vt 0.53125 0.604268
vt 0.541667 0.604268
vt 0.552083 0.604268
vt 0.5625 0.604268
vt 0.572917 0.604268
vt 0.583333 0.604268
vt 0.59375 0.604268
vt 0.604167 0.604268
vt 0.614583 0.604268
vt 0.625 0.604268
vt 0.635417 0.604268
vt 0.645833 0.604268
vt 0.65625 0.604268
vt 0.666667 0.604268
vt 0.677083 0.604268
vt 0.6875 0.604268
vt 0.697917 0.604268
vt 0.708333 0.604268
vt 0.71875 0.604268
vt 0.729167 0.604268
vt 0.739583 0.604268
vt 0.75 0.604268
vt 0.760417 0.604268
vt 0.770833 0.604268
vt 0.78125 0.604268
vt 0.791667 0.604268
vt 0.802083 0.604268
vt 0.8125 0.604268
vt 0.822917 0.604268
vt 0.833333 0.604268
vt 0.84375 0.604268
vt 0.854167 0.604268
vt 0.864583 0.604268
vt 0.875 0.604268
vt 0.885417 0.604268
vt 0.895833 0.604268
vt 0.90625 0.604268
vt 0.916667 0.604268
vt 0.927083 0.604268
vt 0.9375 0.604268
vt 0.947917 0.604268
vt 0.958333 0.604268
vt 0.96875 0.604268
vt 0.979167 0.604268
vt 0.989583 0.604268
vt 1 0.604268
vt 0 0.608938
vt 0.010417 0.608938
vt 0.020833 0.608938
vt 0.03125 0.608938
vt 0.041667 0.608938
vt 0.052083 0.608938
vt 0.0625 0.608938
vt 0.072917 0.608938
vt 0.083333 0.608938
vt 0.09375 0.608938
vt 0.104167 0.608938
vt 0.114583 0.608938
vt 0.125 0.608938
vt 0.135417 0.608938
vt 0.145833 0.608938
vt 0.15625 0.608938
vt 0.166667 0.608938
vt 0.177083 0.608938
vt 0.1875 0.608938
vt 0.197917 0.608938
vt 0.208333 0.608938
vt 0.21875 0.608938
vt 0.229167 0.608938
vt 0.239583 0.608938
vt 0.25 0.608938
vt 0.260417 0.608938
vt 0.270833 0.608938
vt 0.28125 0.608938
vt 0.291667 0.608938
vt 0.302083 0.608938
vt 0.3125 0.608938
vt 0.322917 0.608938
vt 0.333333 0.608938
vt 0.34375 0.608938
vt 0.354167 0.608938
vt 0.364583 0.608938
vt 0.375 0.608938
vt 0.385417 0.608938
vt 0.395833 0.608938
vt 0.40625 0.608938
vt 0.416667 0.608938
vt 0.427083 0.608938
vt 0.4375 0.608938
vt 0.447917 0.608938
vt 0.458333 0.608938
vt 0.46875 0.608938
vt 0.479167 0.608938
vt 0.489583 0.608938
vt 0.5 0.608938
vt 0.510417 0.608938
vt 0.520833 0.608938
vt 0.53125 0.608938
vt 0.541667 0.608938
vt 0.552083 0.608938
vt 0.5625 0.608938
vt 0.572917 0.608938
vt 0.583333 0.608938
vt 0.59375 0.608938
vt 0.604167 0.608938
vt 0.614583 0.608938
vt 0.625 0.608938
vt 0.635417 0.608938
vt 0.645833 0.608938
vt 0.65625 0.608938
vt 0.666667 0.608938
vt 0.677083 0.608938
vt 0.6875 0.608938
vt 0.697917 0.608938
vt 0.708333 0.608938
vt 0.71875 0.608938
vt 0.729167 0.608938
vt 0.739583 0.608938
vt 0.75 0.608938
vt 0.760417 0.608938
vt 0.770833 0.608938
vt 0.78125 0.608938
vt 0.791667 0.608938
vt 0.802083 0.608938
vt 0.8125 0.608938
vt 0.822917 0.608938
vt 0.833333 0.608938
vt 0.84375 0.608938
vt 0.854167 0.608938
vt 0.864583 0.608938
vt 0.875 0.608938
vt 0.885417 0.608938
vt 0.895833 0.608938
vt 0.90625 0.608938
vt 0.916667 0.608938
vt 0.927083 0.608938
vt 0.9375 0.608938
vt 0.947917 0.608938
vt 0.958333 0.608938
vt 0.96875 0.608938
vt 0.979167 0.608938
vt 0.989583 0.608938
vt 1 0.608938
vt 0 0.61296
vt 0.010417 0.61296
vt 0.020833 0.61296
vt 0.03125 0.61296
vt 0.041667 0.61296
vt 0.052083 0.61296
vt 0.0625 0.61296
vt 0.072917 0.61296
vt 0.083333 0.61296
vt 0.09375 0.61296
vt 0.104167 0.61296
vt 0.114583 0.61296
vt 0.125 0.61296
vt 0.135417 0.61296
vt 0.145833 0.61296
vt 0.15625 0.61296
vt 0.166667 0.61296
vt 0.177083 0.61296
vt 0.1875 0.61296
vt 0.197917 0.61296
vt 0.208333 0.61296
vt 0.21875 0.61296
vt 0.229167 0.61296
vt 0.239583 0.61296
vt 0.25 0.61296
vt 0.260417 0.61296
vt 0.270833 0.61296
vt 0.28125 0.61296
vt 0.291667 0.61296
vt 0.302083 0.61296
vt 0.3125 0.61296
vt 0.322917 0.61296
vt 0.333333 0.61296
vt 0.34375 0.61296
vt 0.354167 0.61296
vt 0.364583 0.61296
vt 0.375 0.61296
vt 0.385417 0.61296
vt 0.395833 0.61296
vt 0.40625 0.61296
vt 0.416667 0.61296
vt 0.427083 0.61296
vt 0.4375 0.61296
vt 0.447917 0.61296
vt 0.458333 0.61296
vt 0.46875 0.61296
vt 0.479167 0.61296
vt 0.489583 0.61296
vt 0.5 0.61296
vt 0.510417 0.61296
vt 0.520833 0.61296
vt 0.53125 0.61296
vt 0.541667 0.61296
vt 0.552083 0.61296
vt 0.5625 0.61296
vt 0.572917 0.61296
vt 0.583333 0.61296
vt 0.59375 0.61296
vt 0.604167 0.61296
vt 0.614583 0.61296
vt 0.625 0.61296
vt 0.635417 0.61296
vt 0.645833 0.61296
vt 0.65625 0.61296
vt 0.666667 0.61296
vt 0.677083 0.61296
vt 0.6875 0.61296
vt 0.697917 0.61296
vt 0.708333 0.61296
vt 0.71875 0.61296
vt 0.729167 0.61296
vt 0.739583 0.61296
vt 0.75 0.61296
vt 0.760417 0.61296
vt 0.770833 0.61296
vt 0.78125 0.61296
vt 0.791667 0.61296
vt 0.802083 0.61296
vt 0.8125 0.61296
vt 0.822917 0.61296
vt 0.833333 0.61296
vt 0.84375 0.61296
vt 0.854167 0.61296
vt 0.864583 0.61296
vt 0.875 0.61296
vt 0.885417 0.61296
vt 0.895833 0.61296
vt 0.90625 0.61296
vt 0.916667 0.61296
vt 0.927083 0.61296
vt 0.9375 0.61296
vt 0.947917 0.61296
vt 0.958333 0.61296
vt 0.96875 0.61296
vt 0.979167 0.61296
vt 0.989583 0.61296
vt 1 0.61296
vt 0 1
vt 0.010417 1
vt 0.020833 1
vt 0.03125 1
vt 0.041667 1
vt 0.052083 1
vt 0.0625 1
vt 0.072917 1
vt 0.083333 1
vt 0.09375 1
vt 0.104167 1
vt 0.114583 1
vt 0.125 1
vt 0.135417 1
vt 0.145833 1
vt 0.15625 1
vt 0.166667 1
vt 0.177083 1
vt 0.1875 1
vt 0.197917 1
vt 0.208333 1
vt 0.21875 1
vt 0.229167 1
vt 0.239583 1
vt 0.25 1
vt 0.260417 1
vt 0.270833 1
vt 0.28125 1
vt 0.291667 1
vt 0.302083 1
vt 0.3125 1
vt 0.322917 1
vt 0.333333 1
vt 0.34375 1
vt 0.354167 1
vt 0.364583 1
vt 0.375 1
vt 0.385417 1
vt 0.395833 1
vt 0.40625 1
vt 0.416667 1
vt 0.427083 1
vt 0.4375 1
vt 0.447917 1
vt 0.458333 1
vt 0.46875 1
vt 0.479167 1
vt 0.489583 1
vt 0.5 1
vt 0.510417 1
vt 0.520833 1
vt 0.53125 1
vt 0.541667 1
vt 0.552083 1
vt 0.5625 1
vt 0.572917 1
vt 0.583333 1
vt 0.59375 1
vt 0.604167 1
vt 0.614583 1
vt 0.625 1
vt 0.635417 1
vt 0.645833 1
vt 0.65625 1
vt 0.666667 1
vt 0.677083 1
vt 0.6875 1
vt 0.697917 1
vt 0.708333 1
vt 0.71875 1
vt 0.729167 1
vt 0.739583 1
vt 0.75 1
vt 0.760417 1
vt 0.770833 1
vt 0.78125 1
vt 0.791667 1
vt 0.802083 1
vt 0.8125 1
vt 0.822917 1
vt 0.833333 1
vt 0.84375 1
vt 0.854167 1
vt 0.864583 1
vt 0.875 1
vt 0.885417 1
vt 0.895833 1
vt 0.90625 1
vt 0.916667 1
vt 0.927083 1
vt 0.9375 1
vt 0.947917 1
vt 0.958333 1
vt 0.96875 1
vt 0.979167 1
vt 0.989583 1
vt 1 1
vn 0 -1 0
vn 0.078459 -0.996917 0
vn 0.078291 -0.996917 0.005131
vn 0.077788 -0.996917 0.010241
vn 0.076952 -0.996917 0.015307
vn 0.075786 -0.996917 0.020307
vn 0.074295 -0.996917 0.02522
vn 0.072487 -0.996917 0.030025
vn 0.070368 -0.996917 0.034702
vn 0.067948 -0.996917 0.03923
vn 0.065236 -0.996917 0.04359
vn 0.062246 -0.996917 0.047763
vn 0.058989 -0.996917 0.051732
vn 0.055479 -0.996917 0.055479
vn 0.051732 -0.996917 0.058989
vn 0.047763 -0.996917 0.062246
vn 0.04359 -0.996917 0.065236
vn 0.03923 -0.996917 0.067948
vn 0.034702 -0.996917 0.070368
vn 0.030025 -0.996917 0.072487
vn 0.02522 -0.996917 0.074295
vn 0.020307 -0.996917 0.075786
vn 0.015307 -0.996917 0.076952
vn 0.010241 -0.996917 0.077788
vn 0.005131 -0.996917 0.078291
vn 0 -0.996917 0.078459
vn -0.005131 -0.996917 0.078291
vn -0.010241 -0.996917 0.077788
vn -0.015307 -0.996917 0.076952
vn -0.020307 -0.996917 0.075786
vn -0.02522 -0.996917 0.074295
vn -0.030025 -0.996917 0.072487
vn -0.034702 -0.996917 0.070368
vn -0.03923 -0.996917 0.067948
vn -0.04359 -0.996917 0.065236
vn -0.047763 -0.996917 0.062246
vn -0.051732 -0.996917 0.058989
vn -0.055479 -0.996917 0.055479
vn -0.058989 -0.996917 0.051732
vn -0.062246 -0.996917 0.047763
vn -0.065236 -0.996917 0.04359
vn -0.067948 -0.996917 0.03923
vn -0.070368 -0.996917 0.034702
vn -0.072487 -0.996917 0.030025
vn -0.074295 -0.996917 0.02522
vn -0.075786 -0.996917 0.020307
vn -0.076952 -0.996917 0.015307
vn -0.077788 -0.996917 0.010241
vn -0.078291 -0.996917 0.005131
vn -0.078459 -0.996917 0
vn -0.078291 -0.996917 -0.005131
vn -0.077788 -0.996917 -0.010241
vn -0.076952 -0.996917 -0.015307
vn -0.075786 -0.996917 -0.020307
vn -0.074295 -0.996917 -0.02522
vn -0.072487 -0.996917 -0.030025
vn -0.070368 -0.996917 -0.034702
vn -0.067948 -0.996917 -0.03923
vn -0.065236 -0.996917 -0.04359
vn -0.062246 -0.996917 -0.047763
vn -0.058989 -0.996917 -0.051732
vn -0.055479 -0.996917 -0.055479
vn -0.051732 -0.996917 -0.058989
vn -0.047763 -0.996917 -0.062246
vn -0.04359 -0.996917 -0.065236
vn -0.03923 -0.996917 -0.067948
vn -0.034702 -0.996917 -0.070368
vn -0.030025 -0.996917 -0.072487
vn -0.02522 -0.996917 -0.074295
vn -0.020307 -0.996917 -0.075786
vn -0.015307 -0.996917 -0.076952
vn -0.010241 -0.996917 -0.077788
vn -0.005131 -0.996917 -0.078291
vn 0 -0.996917 -0.078459
vn 0.005131 -0.996917 -0.078291
vn 0.010241 -0.996917 -0.077788
vn 0.015307 -0.996917 -0.076952
vn 0.020307 -0.996917 -0.075786
vn 0.02522 -0.996917 -0.074295
vn 0.030025 -0.996917 -0.072487
vn 0.034702 -0.996917 -0.070368
vn 0.03923 -0.996917 -0.067948
vn 0.04359 -0.996917 -0.065236
vn 0.047763 -0.996917 -0.062246
vn 0.051732 -0.996917 -0.058989
vn 0.055479 -0.996917 -0.055479
vn 0.058989 -0.996917 -0.051732
vn 0.062246 -0.996917 -0.047763
vn 0.065236 -0.996917 -0.04359
vn 0.067948 -0.996917 -0.03923
vn 0.070368 -0.996917 -0.034702
vn 0.072487 -0.996917 -0.030025
vn 0.074295 -0.996917 -0.02522
vn 0.075786 -0.996917 -0.020307
vn 0.076952 -0.996917 -0.015307
vn 0.077788 -0.996917 -0.010241
vn 0.078291 -0.996917 -0.005131
vn 0.309017 -0.951057 0
vn 0.308355 -0.951057 0.020211
vn 0.306373 -0.951057 0.040335
vn 0.303079 -0.951057 0.060286
vn 0.298487 -0.951057 0.079979
vn 0.292618 -0.951057 0.09933
vn 0.285494 -0.951057 0.118256
vn 0.277149 -0.951057 0.136675
vn 0.267617 -0.951057 0.154508
vn 0.256938 -0.951057 0.171681
vn 0.24516 -0.951057 0.188118
vn 0.232331 -0.951057 0.203749
vn 0.218508 -0.951057 0.218508
vn 0.203749 -0.951057 0.232331
vn 0.188118 -0.951057 0.24516
vn 0.171681 -0.951057 0.256938
vn 0.154508 -0.951057 0.267617
vn 0.136675 -0.951057 0.277149
vn 0.118256 -0.951057 0.285494
vn 0.09933 -0.951057 0.292618
vn 0.079979 -0.951057 0.298487
vn 0.060286 -0.951057 0.303079
vn 0.040335 -0.951057 0.306373
vn 0.020211 -0.951057 0.308355
vn 0 -0.951057 0.309017
vn -0.020211 -0.951057 0.308355
vn -0.040335 -0.951057 0.306373
vn -0.060286 -0.951057 0.303079
vn -0.079979 -0.951057 0.298487
vn -0.09933 -0.951057 0.292618
vn -0.118256 -0.951057 0.285494
vn -0.136675 -0.951057 0.277149
vn -0.154508 -0.951057 0.267617
vn -0.171681 -0.951057 0.256938
vn -0.188118 -0.951057 0.24516
vn -0.203749 -0.951057 0.232331
vn -0.218508 -0.951057 0.218508
vn -0.232331 -0.951057 0.203749
vn -0.24516 -0.951057 0.188118
vn -0.256938 -0.951057 0.171681
vn -0.267617 -0.951057 0.154508
vn -0.277149 -0.951057 0.136675
vn -0.285494 -0.951057 0.118256
vn -0.292618 -0.951057 0.09933
vn -0.298487 -0.951057 0.079979
vn -0.303079 -0.951057 0.060286
vn -0.306373 -0.951057 0.040335
vn -0.308355 -0.951057 0.020211
vn -0.309017 -0.951057 0
vn -0.308355 -0.951057 -0.020211
vn -0.306373 -0.951057 -0.040335
vn -0.303079 -0.951057 -0.060286
vn -0.298487 -0.951057 -0.079979
vn -0.292618 -0.951057 -0.09933
vn -0.285494 -0.951057 -0.118256
vn -0.277149 -0.951057 -0.136675
vn -0.267617 -0.951057 -0.154508
vn -0.256938 -0.951057 -0.171681
vn -0.24516 -0.951057 -0.188118
vn -0.232331 -0.951057 -0.203749
vn -0.218508 -0.951057 -0.218508
vn -0.203749 -0.951057 -0.232331
vn -0.188118 -0.951057 -0.24516
vn -0.171681 -0.951057 -0.256938
vn -0.154508 -0.951057 -0.267617
vn -0.136675 -0.951057 -0.277149
vn -0.118256 -0.951057 -0.285494
vn -0.09933 -0.951057 -0.292618
vn -0.079979 -0.951057 -0.298487
vn -0.060286 -0.951057 -0.303079
vn -0.040335 -0.951057 -0.306373
vn -0.020211 -0.951057 -0.308355
vn 0 -0.951057 -0.309017
vn 0.020211 -0.951057 -0.308355
vn 0.040335 -0.951057 -0.306373
vn 0.060286 -0.951057 -0.303079
vn 0.079979 -0.951057 -0.298487
vn 0.09933 -0.951057 -0.292618
vn 0.118256 -0.951057 -0.285494
vn 0.136675 -0.951057 -0.277149
vn 0.154508 -0.951057 -0.267617
vn 0.171681 -0.951057 -0.256938
vn 0.188118 -0.951057 -0.24516
vn 0.203749 -0.951057 -0.232331
vn 0.218508 -0.951057 -0.218508
vn 0.232331 -0.951057 -0.203749
vn 0.24516 -0.951057 -0.188118
vn 0.256938 -0.951057 -0.171681
vn 0.267617 -0.951057 -0.154508
vn 0.277149 -0.951057 -0.136675
vn 0.285494 -0.951057 -0.118256
vn 0.292618 -0.951057 -0.09933
vn 0.298487 -0.951057 -0.079979
vn 0.303079 -0.951057 -0.060286
vn 0.306373 -0.951057 -0.040335
vn 0.308355 -0.951057 -0.020211
vn 0.587785 -0.809017 0
vn 0.586527 -0.809017 0.038443
vn 0.582757 -0.809017 0.076721
vn 0.576491 -0.809017 0.114671
vn 0.567757 -0.809017 0.15213
vn 0.556592 -0.809017 0.188937
vn 0.543043 -0.809017 0.224936
vn 0.527169 -0.809017 0.259971
vn 0.509037 -0.809017 0.293893
vn 0.488726 -0.809017 0.326556
vn 0.466321 -0.809017 0.357821
vn 0.44192 -0.809017 0.387554
vn 0.415627 -0.809017 0.415627
vn 0.387554 -0.809017 0.44192
vn 0.357821 -0.809017 0.466321
vn 0.326556 -0.809017 0.488726
vn 0.293893 -0.809017 0.509037
vn 0.259971 -0.809017 0.527169
vn 0.224936 -0.809017 0.543043
vn 0.188937 -0.809017 0.556592
vn 0.15213 -0.809017 0.567757
vn 0.114671 -0.809017 0.576491
vn 0.076721 -0.809017 0.582757
vn 0.038443 -0.809017 0.586527
vn 0 -0.809017 0.587785
vn -0.038443 -0.809017 0.586527
vn -0.076721 -0.809017 0.582757
vn -0.114671 -0.809017 0.576491
vn -0.15213 -0.809017 0.567757
vn -0.188937 -0.809017 0.556592
vn -0.224936 -0.809017 0.543043
vn -0.259971 -0.809017 0.527169
vn -0.293893 -0.809017 0.509037
vn -0.326556 -0.809017 0.488726
vn -0.357821 -0.809017 0.466321
vn -0.387554 -0.809017 0.44192
vn -0.415627 -0.809017 0.415627
vn -0.44192 -0.809017 0.387554
vn -0.466321 -0.809017 0.357821
vn -0.488726 -0.809017 0.326556
vn -0.509037 -0.809017 0.293893
vn -0.527169 -0.809017 0.259971
vn -0.543043 -0.809017 0.224936
vn -0.556592 -0.809017 0.188937
vn -0.567757 -0.809017 0.15213
vn -0.576491 -0.809017 0.114671
vn -0.582757 -0.809017 0.076721
vn -0.586527 -0.809017 0.038443
vn -0.587785 -0.809017 0
vn -0.586527 -0.809017 -0.038443
vn -0.582757 -0.809017 -0.076721
vn -0.576491 -0.809017 -0.114671
vn -0.567757 -0.809017 -0.15213
vn -0.556592 -0.809017 -0.188937
vn -0.543043 -0.809017 -0.224936
vn -0.527169 -0.809017 -0.259971
vn -0.509037 -0.809017 -0.293893
vn -0.488726 -0.809017 -0.326556
vn -0.466321 -0.809017 -0.357821
vn -0.44192 -0.809017 -0.387554
vn -0.415627 -0.809017 -0.415627
vn -0.387554 -0.809017 -0.44192
vn -0.357821 -0.809017 -0.466321
vn -0.326556 -0.809017 -0.488726
vn -0.293893 -0.809017 -0.509037
vn -0.259971 -0.809017 -0.527169
vn -0.224936 -0.809017 -0.543043
vn -0.188937 -0.809017 -0.556592
vn -0.15213 -0.809017 -0.567757
vn -0.114671 -0.809017 -0.576491
vn -0.076721 -0.809017 -0.582757
vn -0.038443 -0.809017 -0.586527
vn 0 -0.809017 -0.587785
vn 0.038443 -0.809017 -0.586527
vn 0.076721 -0.809017 -0.582757
vn 0.114671 -0.809017 -0.576491
vn 0.15213 -0.809017 -0.567757
vn 0.188937 -0.809017 -0.556592
vn 0.224936 -0.809017 -0.543043
vn 0.259971 -0.809017 -0.527169
vn 0.293893 -0.809017 -0.509037
vn 0.326556 -0.809017 -0.488726
vn 0.357821 -0.809017 -0.466321
vn 0.387554 -0.809017 -0.44192
vn 0.415627 -0.809017 -0.415627
vn 0.44192 -0.809017 -0.387554
vn 0.466321 -0.809017 -0.357821
vn 0.488726 -0.809017 -0.326556
vn 0.509037 -0.809017 -0.293893
vn 0.527169 -0.809017 -0.259971
vn 0.543043 -0.809017 -0.224936
vn 0.556592 -0.809017 -0.188937
vn 0.567757 -0.809017 -0.15213
vn 0.576491 -0.809017 -0.114671
vn 0.582757 -0.809017 -0.076721
vn 0.586527 -0.809017 -0.038443
vn 0.809017 -0.587785 0
vn 0.807285 -0.587785 0.052912
vn 0.802096 -0.587785 0.105598
vn 0.793472 -0.587785 0.157831
vn 0.78145 -0.587785 0.209389
vn 0.766083 -0.587785 0.26005
vn 0.747434 -0.587785 0.309597
vn 0.725585 -0.587785 0.357819
vn 0.700629 -0.587785 0.404508
vn 0.672673 -0.587785 0.449466
vn 0.641836 -0.587785 0.492498
vn 0.608251 -0.587785 0.533422
vn 0.572061 -0.587785 0.572061
vn 0.533422 -0.587785 0.608251
vn 0.492498 -0.587785 0.641836
vn 0.449466 -0.587785 0.672673
vn 0.404508 -0.587785 0.700629
vn 0.357819 -0.587785 0.725585
vn 0.309597 -0.587785 0.747434
vn 0.26005 -0.587785 0.766083
vn 0.209389 -0.587785 0.78145
vn 0.157831 -0.587785 0.793472
vn 0.105598 -0.587785 0.802096
vn 0.052912 -0.587785 0.807285
vn 0 -0.587785 0.809017
vn -0.052912 -0.587785 0.807285
vn -0.105598 -0.587785 0.802096
vn -0.157831 -0.587785 0.793472
vn -0.209389 -0.587785 0.78145
vn -0.26005 -0.587785 0.766083
vn -0.309597 -0.587785 0.747434
vn -0.357819 -0.587785 0.725585
vn -0.404508 -0.587785 0.700629
vn -0.449466 -0.587785 0.672673
vn -0.492498 -0.587785 0.641836
vn -0.533422 -0.587785 0.608251
vn -0.572061 -0.587785 0.572061
vn -0.608251 -0.587785 0.533422
vn -0.641836 -0.587785 0.492498
vn -0.672673 -0.587785 0.449466
vn -0.700629 -0.587785 0.404508
vn -0.725585 -0.587785 0.357819
vn -0.747434 -0.587785 0.309597
vn -0.766083 -0.587785 0.26005
vn -0.78145 -0.587785 0.209389
vn -0.793472 -0.587785 0.157831
vn -0.802096 -0.587785 0.105598
vn -0.807285 -0.587785 0.052912
vn -0.809017 -0.587785 0
vn -0.807285 -0.587785 -0.052912
vn -0.802096 -0.587785 -0.105598
vn -0.793472 -0.587785 -0.157831
vn -0.78145 -0.587785 -0.209389
vn -0.766083 -0.587785 -0.26005
vn -0.747434 -0.587785 -0.309597
vn -0.725585 -0.587785 -0.357819
vn -0.700629 -0.587785 -0.404508
vn -0.672673 -0.587785 -0.449466
vn -0.641836 -0.587785 -0.492498
vn -0.608251 -0.587785 -0.533422
vn -0.572061 -0.587785 -0.572061
vn -0.533422 -0.587785 -0.608251
vn -0.492498 -0.587785 -0.641836
vn -0.449466 -0.587785 -0.672673
vn -0.404508 -0.587785 -0.700629
vn -0.357819 -0.587785 -0.725585
vn -0.309597 -0.587785 -0.747434
vn -0.26005 -0.587785 -0.766083
vn -0.209389 -0.587785 -0.78145
vn -0.157831 -0.587785 -0.793472
vn -0.105598 -0.587785 -0.802096
vn -0.052912 -0.587785 -0.807285
vn 0 -0.587785 -0.809017
vn 0.052912 -0.587785 -0.807285
vn 0.105598 -0.587785 -0.802096
vn 0.157831 -0.587785 -0.793472
vn 0.209389 -0.587785 -0.78145
vn 0.26005 -0.587785 -0.766083
vn 0.309597 -0.587785 -0.747434
vn 0.357819 -0.587785 -0.725585
vn 0.404508 -0.587785 -0.700629
vn 0.449466 -0.587785 -0.672673
vn 0.492498 -0.587785 -0.641836
vn 0.533422 -0.587785 -0.608251
vn 0.572061 -0.587785 -0.572061
vn 0.608251 -0.587785 -0.533422
vn 0.641836 -0.587785 -0.492498
vn 0.672673 -0.587785 -0.449466
vn 0.700629 -0.587785 -0.404508
vn 0.725585 -0.587785 -0.357819
vn 0.747434 -0.587785 -0.309597
vn 0.766083 -0.587785 -0.26005
vn 0.78145 -0.587785 -0.209389
vn 0.793472 -0.587785 -0.157831
vn 0.802096 -0.587785 -0.105598
vn 0.807285 -0.587785 -0.052912
vn 0.951057 -0.309017 0
vn 0.94902 -0.309017 0.062202
vn 0.94292 -0.309017 0.124138
vn 0.932782 -0.309017 0.185542
vn 0.91865 -0.309017 0.246152
vn 0.900584 -0.309017 0.305707
vn 0.878662 -0.309017 0.363954
vn 0.852977 -0.309017 0.420642
vn 0.823639 -0.309017 0.475528
vn 0.790775 -0.309017 0.528379
vn 0.754524 -0.309017 0.578967
vn 0.715042 -0.309017 0.627075
vn 0.672499 -0.309017 0.672499
vn 0.627075 -0.309017 0.715042
vn 0.578967 -0.309017 0.754524
vn 0.528379 -0.309017 0.790775
vn 0.475528 -0.309017 0.823639
vn 0.420642 -0.309017 0.852977
vn 0.363954 -0.309017 0.878662
vn 0.305707 -0.309017 0.900584
vn 0.246152 -0.309017 0.91865
vn 0.185542 -0.309017 0.932782
vn 0.124138 -0.309017 0.94292
vn 0.062202 -0.309017 0.94902
vn 0 -0.309017 0.951057
vn -0.062202 -0.309017 0.94902
vn -0.124138 -0.309017 0.94292
vn -0.185542 -0.309017 0.932782
vn -0.246152 -0.309017 0.91865
vn -0.305707 -0.309017 0.900584
vn -0.363954 -0.309017 0.878662
vn -0.420642 -0.309017 0.852977
vn -0.475528 -0.309017 0.823639
vn -0.528379 -0.309017 0.790775
vn -0.578967 -0.309017 0.754524
vn -0.627075 -0.309017 0.715042
vn -0.672499 -0.309017 0.672499
vn -0.715042 -0.309017 0.627075
vn -0.754524 -0.309017 0.578967
vn -0.790775 -0.309017 0.528379
vn -0.823639 -0.309017 0.475528
vn -0.852977 -0.309017 0.420642
vn -0.878662 -0.309017 0.363954
vn -0.900584 -0.309017 0.305707
vn -0.91865 -0.309017 0.246152
vn -0.932782 -0.309017 0.185542
vn -0.94292 -0.309017 0.124138
vn -0.94902 -0.309017 0.062202
vn -0.951057 -0.309017 0
vn -0.94902 -0.309017 -0.062202
vn -0.94292 -0.309017 -0.124138
vn -0.932782 -0.309017 -0.185542
vn -0.91865 -0.309017 -0.246152
vn -0.900584 -0.309017 -0.305707
vn -0.878662 -0.309017 -0.363954
vn -0.852977 -0.309017 -0.420642
vn -0.823639 -0.309017 -0.475528
vn -0.790775 -0.309017 -0.528379
vn -0.754524 -0.309017 -0.578967
vn -0.715042 -0.309017 -0.627075
vn -0.672499 -0.309017 -0.672499
vn -0.627075 -0.309017 -0.715042
vn -0.578967 -0.309017 -0.754524
vn -0.528379 -0.309017 -0.790775
vn -0.475528 -0.309017 -0.823639
vn -0.420642 -0.309017 -0.852977
vn -0.363954 -0.309017 -0.878662
vn -0.305707 -0.309017 -0.900584
vn -0.246152 -0.309017 -0.91865
vn -0.185542 -0.309017 -0.932782
vn -0.124138 -0.309017 -0.94292
vn -0.062202 -0.309017 -0.94902
vn 0 -0.309017 -0.951057
vn 0.062202 -0.309017 -0.94902
vn 0.124138 -0.309017 -0.94292
vn 0.185542 -0.309017 -0.932782
vn 0.246152 -0.309017 -0.91865
vn 0.305707 -0.309017 -0.900584
vn 0.363954 -0.309017 -0.878662
vn 0.420642 -0.309017 -0.852977
vn 0.475528 -0.309017 -0.823639
vn 0.528379 -0.309017 -0.790775
vn 0.578967 -0.309017 -0.754524
vn 0.627075 -0.309017 -0.715042
vn 0.672499 -0.309017 -0.672499
vn 0.715042 -0.309017 -0.627075
vn 0.754524 -0.309017 -0.578967
vn 0.790775 -0.309017 -0.528379
vn 0.823639 -0.309017 -0.475528
vn 0.852977 -0.309017 -0.420642
vn 0.878662 -0.309017 -0.363954
vn 0.900584 -0.309017 -0.305707
vn 0.91865 -0.309017 -0.246152
vn 0.932782 -0.309017 -0.185542
vn 0.94292 -0.309017 -0.124138
vn 0.94902 -0.309017 -0.062202
vn 0.996917 -0.078459 0
vn 0.994783 -0.078459 0.065202
vn 0.988389 -0.078459 0.130124
vn 0.977762 -0.078459 0.194489
vn 0.962948 -0.078459 0.258021
vn 0.944011 -0.078459 0.320449
vn 0.921032 -0.078459 0.381504
vn 0.894108 -0.078459 0.440925
vn 0.863356 -0.078459 0.498459
vn 0.828906 -0.078459 0.553858
vn 0.790908 -0.078459 0.606885
vn 0.749522 -0.078459 0.657313
vn 0.704927 -0.078459 0.704927
vn 0.657313 -0.078459 0.749522
vn 0.606885 -0.078459 0.790908
vn 0.553858 -0.078459 0.828906
vn 0.498459 -0.078459 0.863356
vn 0.440925 -0.078459 0.894108
vn 0.381504 -0.078459 0.921032
vn 0.320449 -0.078459 0.944011
vn 0.258021 -0.078459 0.962948
vn 0.194489 -0.078459 0.977762
vn 0.130124 -0.078459 0.988389
vn 0.065202 -0.078459 0.994783
vn 0 -0.078459 0.996917
vn -0.065202 -0.078459 0.994783
vn -0.130124 -0.078459 0.988389
vn -0.194489 -0.078459 0.977762
vn -0.258021 -0.078459 0.962948
vn -0.320449 -0.078459 0.944011
vn -0.381504 -0.078459 0.921032
vn -0.440925 -0.078459 0.894108
vn -0.498459 -0.078459 0.863356
vn -0.553858 -0.078459 0.828906
vn -0.606885 -0.078459 0.790908
vn -0.657313 -0.078459 0.749522
vn -0.704927 -0.078459 0.704927
vn -0.749522 -0.078459 0.657313
vn -0.790908 -0.078459 0.606885
vn -0.828906 -0.078459 0.553858
vn -0.863356 -0.078459 0.498459
vn -0.894108 -0.078459 0.440925
vn -0.921032 -0.078459 0.381504
vn -0.944011 -0.078459 0.320449
vn -0.962948 -0.078459 0.258021
vn -0.977762 -0.078459 0.194489
vn -0.988389 -0.078459 0.130124
vn -0.994783 -0.078459 0.065202
vn -0.996917 -0.078459 0
vn -0.994783 -0.078459 -0.065202
vn -0.988389 -0.078459 -0.130124
vn -0.977762 -0.078459 -0.194489
vn -0.962948 -0.078459 -0.258021
vn -0.944011 -0.078459 -0.320449
vn -0.921032 -0.078459 -0.381504
vn -0.894108 -0.078459 -0.440925
vn -0.863356 -0.078459 -0.498459
vn -0.828906 -0.078459 -0.553858
vn -0.790908 -0.078459 -0.606885
vn -0.749522 -0.078459 -0.657313
vn -0.704927 -0.078459 -0.704927
vn -0.657313 -0.078459 -0.749522
vn -0.606885 -0.078459 -0.790908
vn -0.553858 -0.078459 -0.828906
vn -0.498459 -0.078459 -0.863356
vn -0.440925 -0.078459 -0.894108
vn -0.381504 -0.078459 -0.921032
vn -0.320449 -0.078459 -0.944011
vn -0.258021 -0.078459 -0.962948
vn -0.194489 -0.078459 -0.977762
vn -0.130124 -0.078459 -0.988389
vn -0.065202 -0.078459 -0.994783
vn 0 -0.078459 -0.996917
vn 0.065202 -0.078459 -0.994783
vn 0.130124 -0.078459 -0.988389
vn 0.194489 -0.078459 -0.977762
vn 0.258021 -0.078459 -0.962948
vn 0.320449 -0.078459 -0.944011
vn 0.381504 -0.078459 -0.921032
vn 0.440925 -0.078459 -0.894108
vn 0.498459 -0.078459 -0.863356
vn 0.553858 -0.078459 -0.828906
vn 0.606885 -0.078459 -0.790908
vn 0.657313 -0.078459 -0.749522
vn 0.704927 -0.078459 -0.704927
vn 0.749522 -0.078459 -0.657313
vn 0.790908 -0.078459 -0.606885
vn 0.828906 -0.078459 -0.553858
vn 0.863356 -0.078459 -0.498459
vn 0.894108 -0.078459 -0.440925
vn 0.921032 -0.078459 -0.381504
vn 0.944011 -0.078459 -0.320449
vn 0.962948 -0.078459 -0.258021
vn 0.977762 -0.078459 -0.194489
vn 0.988389 -0.078459 -0.130124
vn 0.994783 -0.078459 -0.065202
vn 0.996917 0.078459 0
vn 0.994783 0.078459 0.065202
vn 0.988389 0.078459 0.130124
vn 0.977762 0.078459 0.194489
vn 0.962948 0.078459 0.258021
vn 0.944011 0.078459 0.320449
vn 0.921032 0.078459 0.381504
vn 0.894108 0.078459 0.440925
vn 0.863356 0.078459 0.498459
vn 0.828906 0.078459 0.553858
vn 0.790908 0.078459 0.606885
vn 0.749522 0.078459 0.657313
vn 0.704927 0.078459 0.704927
vn 0.657313 0.078459 0.749522
vn 0.606885 0.078459 0.790908
vn 0.553858 0.078459 0.828906
vn 0.498459 0.078459 0.863356
vn 0.440925 0.078459 0.894108
vn 0.381504 0.078459 0.921032
vn 0.320449 0.078459 0.944011
vn 0.258021 0.078459 0.962948
vn 0.194489 0.078459 0.977762
vn 0.130124 0.078459 0.988389
vn 0.065202 0.078459 0.994783
vn 0 0.078459 0.996917
vn -0.065202 0.078459 0.994783
vn -0.130124 0.078459 0.988389
vn -0.194489 0.078459 0.977762
vn -0.258021 0.078459 0.962948
vn -0.320449 0.078459 0.944011
vn -0.381504 0.078459 0.921032
vn -0.440925 0.078459 0.894108
vn -0.498459 0.078459 0.863356
vn -0.553858 0.078459 0.828906
vn -0.606885 0.078459 0.790908
vn -0.657313 0.078459 0.749522
vn -0.704927 0.078459 0.704927
vn -0.749522 0.078459 0.657313
vn -0.790908 0.078459 0.606885
vn -0.828906 0.078459 0.553858
vn -0.863356 0.078459 0.498459
vn -0.894108 0.078459 0.440925
vn -0.921032 0.078459 0.381504
vn -0.944011 0.078459 0.320449
vn -0.962948 0.078459 0.258021
vn -0.977762 0.078459 0.194489
vn -0.988389 0.078459 0.130124
vn -0.994783 0.078459 0.065202
vn -0.996917 0.078459 0
vn -0.994783 0.078459 -0.065202
vn -0.988389 0.078459 -0.130124
vn -0.977762 0.078459 -0.194489
vn -0.962948 0.078459 -0.258021
vn -0.944011 0.078459 -0.320449
vn -0.921032 0.078459 -0.381504
vn -0.894108 0.078459 -0.440925
vn -0.863356 0.078459 -0.498459
vn -0.828906 0.078459 -0.553858
vn -0.790908 0.078459 -0.606885
vn -0.749522 0.078459 -0.657313
vn -0.704927 0.078459 -0.704927
vn -0.657313 0.078459 -0.749522
vn -0.606885 0.078459 -0.790908
vn -0.553858 0.078459 -0.828906
vn -0.498459 0.078459 -0.863356
vn -0.440925 0.078459 -0.894108
vn -0.381504 0.078459 -0.921032
vn -0.320449 0.078459 -0.944011
vn -0.258021 0.078459 -0.962948
vn -0.194489 0.078459 -0.977762
vn -0.130124 0.078459 -0.988389
vn -0.065202 0.078459 -0.994783
vn 0 0.078459 -0.996917
vn 0.065202 0.078459 -0.994783
vn 0.130124 0.078459 -0.988389
vn 0.194489 0.078459 -0.977762
vn 0.258021 0.078459 -0.962948
vn 0.320449 0.078459 -0.944011
vn 0.381504 0.078459 -0.921032
vn 0.440925 0.078459 -0.894108
vn 0.498459 0.078459 -0.863356
vn 0.553858 0.078459 -0.828906
vn 0.606885 0.078459 -0.790908
vn 0.657313 0.078459 -0.749522
vn 0.704927 0.078459 -0.704927
vn 0.749522 0.078459 -0.657313
vn 0.790908 0.078459 -0.606885
vn 0.828906 0.078459 -0.553858
vn 0.863356 0.078459 -0.498459
vn 0.894108 0.078459 -0.440925
vn 0.921032 0.078459 -0.381504
vn 0.944011 0.078459 -0.320449
vn 0.962948 0.078459 -0.258021
vn 0.977762 0.078459 -0.194489
vn 0.988389 0.078459 -0.130124
vn 0.994783 0.078459 -0.065202
vn 0.951057 0.309017 0
vn 0.94902 0.309017 0.062202
vn 0.94292 0.309017 0.124138
vn 0.932782 0.309017 0.185542
vn 0.91865 0.309017 0.246152
vn 0.900584 0.309017 0.305707
vn 0.878662 0.309017 0.363954
vn 0.852977 0.309017 0.420642
vn 0.823639 0.309017 0.475528
vn 0.790775 0.309017 0.528379
vn 0.754524 0.309017 0.578967
vn 0.715042 0.309017 0.627075
vn 0.672499 0.309017 0.672499
vn 0.627075 0.309017 0.715042
vn 0.578967 0.309017 0.754524
vn 0.528379 0.309017 0.790775
vn 0.475528 0.309017 0.823639
vn 0.420642 0.309017 0.852977
vn 0.363954 0.309017 0.878662
vn 0.305707 0.309017 0.900584
vn 0.246152 0.309017 0.91865
vn 0.185542 0.309017 0.932782
vn 0.124138 0.309017 0.94292
vn 0.062202 0.309017 0.94902
vn 0 0.309017 0.951057
vn -0.062202 0.309017 0.94902
vn -0.124138 0.309017 0.94292
vn -0.185542 0.309017 0.932782
vn -0.246152 0.309017 0.91865
vn -0.305707 0.309017 0.900584
vn -0.363954 0.309017 0.878662
vn -0.420642 0.309017 0.852977
vn -0.475528 0.309017 0.823639
vn -0.528379 0.309017 0.790775
vn -0.578967 0.309017 0.754524
vn -0.627075 0.309017 0.715042
vn -0.672499 0.309017 0.672499
vn -0.715042 0.309017 0.627075
vn -0.754524 0.309017 0.578967
vn -0.790775 0.309017 0.528379
vn -0.823639 0.309017 0.475528
vn -0.852977 0.309017 0.420642
vn -0.878662 0.309017 0.363954
vn -0.900584 0.309017 0.305707
vn -0.91865 0.309017 0.246152
vn -0.932782 0.309017 0.185542
vn -0.94292 0.309017 0.124138
vn -0.94902 0.309017 0.062202
vn -0.951057 0.309017 0
vn -0.94902 0.309017 -0.062202
vn -0.94292 0.309017 -0.124138
vn -0.932782 0.309017 -0.185542
vn -0.91865 0.309017 -0.246152
vn -0.900584 0.309017 -0.305707
vn -0.878662 0.309017 -0.363954
vn -0.852977 0.309017 -0.420642
vn -0.823639 0.309017 -0.475528
vn -0.790775 0.309017 -0.528379
vn -0.754524 0.309017 -0.578967
vn -0.715042 0.309017 -0.627075
vn -0.672499 0.309017 -0.672499
vn -0.627075 0.309017 -0.715042
vn -0.578967 0.309017 -0.754524
vn -0.528379 0.309017 -0.790775
vn -0.475528 0.309017 -0.823639
vn -0.420642 0.309017 -0.852977
vn -0.363954 0.309017 -0.878662
vn -0.305707 0.309017 -0.900584
vn -0.246152 0.309017 -0.91865
vn -0.185542 0.309017 -0.932782
vn -0.124138 0.309017 -0.94292
vn -0.062202 0.309017 -0.94902
vn 0 0.309017 -0.951057
vn 0.062202 0.309017 -0.94902
vn 0.124138 0.309017 -0.94292
vn 0.185542 0.309017 -0.932782
vn 0.246152 0.309017 -0.91865
vn 0.305707 0.309017 -0.900584
vn 0.363954 0.309017 -0.878662
vn 0.420642 0.309017 -0.852977
vn 0.475528 0.309017 -0.823639
vn 0.528379 0.309017 -0.790775
vn 0.578967 0.309017 -0.754524
vn 0.627075 0.309017 -0.715042
vn 0.672499 0.309017 -0.672499
vn 0.715042 0.309017 -0.627075
vn 0.754524 0.309017 -0.578967
vn 0.790775 0.309017 -0.528379
vn 0.823639 0.309017 -0.475528
vn 0.852977 0.309017 -0.420642
vn 0.878662 0.309017 -0.363954
vn 0.900584 0.309017 -0.305707
vn 0.91865 0.309017 -0.246152
vn 0.932782 0.309017 -0.185542
vn 0.94292 0.309017 -0.124138
vn 0.94902 0.309017 -0.062202
vn 0.809017 0.587785 0
vn 0.807285 0.587785 0.052912
vn 0.802096 0.587785 0.105598
vn 0.793472 0.587785 0.157831
vn 0.78145 0.587785 0.209389
vn 0.766083 0.587785 0.26005
vn 0.747434 0.587785 0.309597
vn 0.725585 0.587785 0.357819
vn 0.700629 0.587785 0.404508
vn 0.672673 0.587785 0.449466
vn 0.641836 0.587785 0.492498
vn 0.608251 0.587785 0.533422
vn 0.572061 0.587785 0.572061
vn 0.533422 0.587785 0.608251
vn 0.492498 0.587785 0.641836
vn 0.449466 0.587785 0.672673
vn 0.404508 0.587785 0.700629
vn 0.357819 0.587785 0.725585
vn 0.309597 0.587785 0.747434
vn 0.26005 0.587785 0.766083
vn 0.209389 0.587785 0.78145
vn 0.157831 0.587785 0.793472
vn 0.105598 0.587785 0.802096
vn 0.052912 0.587785 0.807285
vn 0 0.587785 0.809017
vn -0.052912 0.587785 0.807285
vn -0.105598 0.587785 0.802096
vn -0.157831 0.587785 0.793472
vn -0.209389 0.587785 0.78145
vn -0.26005 0.587785 0.766083
vn -0.309597 0.587785 0.747434
vn -0.357819 0.587785 0.725585
vn -0.404508 0.587785 0.700629
vn -0.449466 0.587785 0.672673
vn -0.492498 0.587785 0.641836
vn -0.533422 0.587785 0.608251
vn -0.572061 0.587785 0.572061
vn -0.608251 0.587785 0.533422
vn -0.641836 0.587785 0.492498
vn -0.672673 0.587785 0.449466
vn -0.700629 0.587785 0.404508
vn -0.725585 0.587785 0.357819
vn -0.747434 0.587785 0.309597
vn -0.766083 0.587785 0.26005
vn -0.78145 0.587785 0.209389
vn -0.793472 0.587785 0.157831
vn -0.802096 0.587785 0.105598
vn -0.807285 0.587785 0.052912
vn -0.809017 0.587785 0
vn -0.807285 0.587785 -0.052912
vn -0.802096 0.587785 -0.105598
vn -0.793472 0.587785 -0.157831
vn -0.78145 0.587785 -0.209389
vn -0.766083 0.587785 -0.26005
vn -0.747434 0.587785 -0.309597
vn -0.725585 0.587785 -0.357819
vn -0.700629 0.587785 -0.404508
vn -0.672673 0.587785 -0.449466
vn -0.641836 0.587785 -0.492498
vn -0.608251 0.587785 -0.533422
vn -0.572061 0.587785 -0.572061
vn -0.533422 0.587785 -0.608251
vn -0.492498 0.587785 -0.641836
vn -0.449466 0.587785 -0.672673
vn -0.404508 0.587785 -0.700629
vn -0.357819 0.587785 -0.725585
vn -0.309597 0.587785 -0.747434
vn -0.26005 0.587785 -0.766083
vn -0.209389 0.587785 -0.78145
vn -0.157831 0.587785 -0.793472
vn -0.105598 0.587785 -0.802096
vn -0.052912 0.587785 -0.807285
vn 0 0.587785 -0.809017
vn 0.052912 0.587785 -0.807285
vn 0.105598 0.587785 -0.802096
vn 0.157831 0.587785 -0.793472
vn 0.209389 0.587785 -0.78145
vn 0.26005 0.587785 -0.766083
vn 0.309597 0.587785 -0.747434
vn 0.357819 0.587785 -0.725585
vn 0.404508 0.587785 -0.700629
vn 0.449466 0.587785 -0.672673
vn 0.492498 0.587785 -0.641836
vn 0.533422 0.587785 -0.608251
vn 0.572061 0.587785 -0.572061
vn 0.608251 0.587785 -0.533422
vn 0.641836 0.587785 -0.492498
vn 0.672673 0.587785 -0.449466
vn 0.700629 0.587785 -0.404508
vn 0.725585 0.587785 -0.357819
vn 0.747434 0.587785 -0.309597
vn 0.766083 0.587785 -0.26005
vn 0.78145 0.587785 -0.209389
vn 0.793472 0.587785 -0.157831
vn 0.802096 0.587785 -0.105598
vn 0.807285 0.587785 -0.052912
vn 0.587785 0.809017 0
vn 0.586527 0.809017 0.038443
vn 0.582757 0.809017 0.076721
vn 0.576491 0.809017 0.114671
vn 0.567757 0.809017 0.15213
vn 0.556592 0.809017 0.188937
vn 0.543043 0.809017 0.224936
vn 0.527169 0.809017 0.259971
vn 0.509037 0.809017 0.293893
vn 0.488726 0.809017 0.326556
vn 0.466321 0.809017 0.357821
vn 0.44192 0.809017 0.387554
vn 0.415627 0.809017 0.415627
vn 0.387554 0.809017 0.44192
vn 0.357821 0.809017 0.466321
vn 0.326556 0.809017 0.488726
vn 0.293893 0.809017 0.509037
vn 0.259971 0.809017 0.527169
vn 0.224936 0.809017 0.543043
vn 0.188937 0.809017 0.556592
vn 0.15213 0.809017 0.567757
vn 0.114671 0.809017 0.576491
vn 0.076721 0.809017 0.582757
vn 0.038443 0.809017 0.586527
vn 0 0.809017 0.587785
vn -0.038443 0.809017 0.586527
vn -0.076721 0.809017 0.582757
vn -0.114671 0.809017 0.576491
vn -0.15213 0.809017 0.567757
vn -0.188937 0.809017 0.556592
vn -0.224936 0.809017 0.543043
vn -0.259971 0.809017 0.527169
vn -0.293893 0.809017 0.509037
vn -0.326556 0.809017 0.488726
vn -0.357821 0.809017 0.466321
vn -0.387554 0.809017 0.44192
vn -0.415627 0.809017 0.415627
vn -0.44192 0.809017 0.387554
vn -0.466321 0.809017 0.357821
vn -0.488726 0.809017 0.326556
vn -0.509037 0.809017 0.293893
vn -0.527169 0.809017 0.259971
vn -0.543043 0.809017 0.224936
vn -0.556592 0.809017 0.188937
vn -0.567757 0.809017 0.15213
vn -0.576491 0.809017 0.114671
vn -0.582757 0.809017 0.076721
vn -0.586527 0.809017 0.038443
vn -0.587785 0.809017 0
vn -0.586527 0.809017 -0.038443
vn -0.582757 0.809017 -0.076721
vn -0.576491 0.809017 -0.114671
vn -0.567757 0.809017 -0.15213
vn -0.556592 0.809017 -0.188937
vn -0.543043 0.809017 -0.224936
vn -0.527169 0.809017 -0.259971
vn -0.509037 0.809017 -0.293893
vn -0.488726 0.809017 -0.326556
vn -0.466321 0.809017 -0.357821
vn -0.44192 0.809017 -0.387554
vn -0.415627 0.809017 -0.415627
vn -0.387554 0.809017 -0.44192
vn -0.357821 0.809017 -0.466321
vn -0.326556 0.809017 -0.488726
vn -0.293893 0.809017 -0.509037
vn -0.259971 0.809017 -0.527169
vn -0.224936 0.809017 -0.543043
vn -0.188937 0.809017 -0.556592
vn -0.15213 0.809017 -0.567757
vn -0.114671 0.809017 -0.576491
vn -0.076721 0.809017 -0.582757
vn -0.038443 0.809017 -0.586527
vn 0 0.809017 -0.587785
vn 0.038443 0.809017 -0.586527
vn 0.076721 0.809017 -0.582757
vn 0.114671 0.809017 -0.576491
vn 0.15213 0.809017 -0.567757
vn 0.188937 0.809017 -0.556592
vn 0.224936 0.809017 -0.543043
vn 0.259971 0.809017 -0.527169
vn 0.293893 0.809017 -0.509037
vn 0.326556 0.809017 -0.488726
vn 0.357821 0.809017 -0.466321
vn 0.387554 0.809017 -0.44192
vn 0.415627 0.809017 -0.415627
vn 0.44192 0.809017 -0.387554
vn 0.466321 0.809017 -0.357821
vn 0.488726 0.809017 -0.326556
vn 0.509037 0.809017 -0.293893
vn 0.527169 0.809017 -0.259971
vn 0.543043 0.809017 -0.224936
vn 0.556592 0.809017 -0.188937
vn 0.567757 0.809017 -0.15213
vn 0.576491 0.809017 -0.114671
vn 0.582757 0.809017 -0.076721
vn 0.586527 0.809017 -0.038443
vn 0.309017 0.951057 0
vn 0.308355 0.951057 0.020211
vn 0.306373 0.951057 0.040335
vn 0.303079 0.951057 0.060286
vn 0.298487 0.951057 0.079979
vn 0.292618 0.951057 0.09933
vn 0.285494 0.951057 0.118256
vn 0.277149 0.951057 0.136675
vn 0.267617 0.951057 0.154508
vn 0.256938 0.951057 0.171681
vn 0.24516 0.951057 0.188118
vn 0.232331 0.951057 0.203749
vn 0.218508 0.951057 0.218508
vn 0.203749 0.951057 0.232331
vn 0.188118 0.951057 0.24516
vn 0.171681 0.951057 0.256938
vn 0.154508 0.951057 0.267617
vn 0.136675 0.951057 0.277149
vn 0.118256 0.951057 0.285494
vn 0.09933 0.951057 0.292618
vn 0.079979 0.951057 0.298487
vn 0.060286 0.951057 0.303079
vn 0.040335 0.951057 0.306373
vn 0.020211 0.951057 0.308355
vn 0 0.951057 0.309017
vn -0.020211 0.951057 0.308355
vn -0.040335 0.951057 0.306373
vn -0.060286 0.951057 0.303079
vn -0.079979 0.951057 0.298487
vn -0.09933 0.951057 0.292618
vn -0.118256 0.951057 0.285494
vn -0.136675 0.951057 0.277149
vn -0.154508 0.951057 0.267617
vn -0.171681 0.951057 0.256938
vn -0.188118 0.951057 0.24516
vn -0.203749 0.951057 0.232331
vn -0.218508 0.951057 0.218508
vn -0.232331 0.951057 0.203749
vn -0.24516 0.951057 0.188118
vn -0.256938 0.951057 0.171681
vn -0.267617 0.951057 0.154508
vn -0.277149 0.951057 0.136675
vn -0.285494 0.951057 0.118256
vn -0.292618 0.951057 0.09933
vn -0.298487 0.951057 0.079979
vn -0.303079 0.951057 0.060286
vn -0.306373 0.951057 0.040335
vn -0.308355 0.951057 0.020211
vn -0.309017 0.951057 0
vn -0.308355 0.951057 -0.020211
vn -0.306373 0.951057 -0.040335
vn -0.303079 0.951057 -0.060286
vn -0.298487 0.951057 -0.079979
vn -0.292618 0.951057 -0.09933
vn -0.285494 0.951057 -0.118256
vn -0.277149 0.951057 -0.136675
vn -0.267617 0.951057 -0.154508
vn -0.256938 0.951057 -0.171681
vn -0.24516 0.951057 -0.188118
vn -0.232331 0.951057 -0.203749
vn -0.218508 0.951057 -0.218508
vn -0.203749 0.951057 -0.232331
vn -0.188118 0.951057 -0.24516
vn -0.171681 0.951057 -0.256938
vn -0.154508 0.951057 -0.267617
vn -0.136675 0.951057 -0.277149
vn -0.118256 0.951057 -0.285494
vn -0.09933 0.951057 -0.292618
vn -0.079979 0.951057 -0.298487
vn -0.060286 0.951057 -0.303079
vn -0.040335 0.951057 -0.306373
vn -0.020211 0.951057 -0.308355
vn 0 0.951057 -0.309017
vn 0.020211 0.951057 -0.308355
vn 0.040335 0.951057 -0.306373
vn 0.060286 0.951057 -0.303079
vn 0.079979 0.951057 -0.298487
vn 0.09933 0.951057 -0.292618
vn 0.118256 0.951057 -0.285494
vn 0.136675 0.951057 -0.277149
vn 0.154508 0.951057 -0.267617
vn 0.171681 0.951057 -0.256938
vn 0.188118 0.951057 -0.24516
vn 0.203749 0.951057 -0.232331
vn 0.218508 0.951057 -0.218508
vn 0.232331 0.951057 -0.203749
vn 0.24516 0.951057 -0.188118
vn 0.256938 0.951057 -0.171681
vn 0.267617 0.951057 -0.154508
vn 0.277149 0.951057 -0.136675
vn 0.285494 0.951057 -0.118256
vn 0.292618 0.951057 -0.09933
vn 0.298487 0.951057 -0.079979
vn 0.303079 0.951057 -0.060286
vn 0.306373 0.951057 -0.040335
vn 0.308355 0.951057 -0.020211
vn 0.078459 0.996917 0
vn 0.078291 0.996917 0.005131
vn 0.077788 0.996917 0.010241
vn 0.076952 0.996917 0.015307
vn 0.075786 0.996917 0.020307
vn 0.074295 0.996917 0.02522
vn 0.072487 0.996917 0.030025
vn 0.070368 0.996917 0.034702
vn 0.067948 0.996917 0.03923
vn 0.065236 0.996917 0.04359
vn 0.062246 0.996917 0.047763
vn 0.058989 0.996917 0.051732
vn 0.055479 0.996917 0.055479
vn 0.051732 0.996917 0.058989
vn 0.047763 0.996917 0.062246
vn 0.04359 0.996917 0.065236
vn 0.03923 0.996917 0.067948
vn 0.034702 0.996917 0.070368
vn 0.030025 0.996917 0.072487
vn 0.02522 0.996917 0.074295
vn 0.020307 0.996917 0.075786
vn 0.015307 0.996917 0.076952
vn 0.010241 0.996917 0.077788
vn 0.005131 0.996917 0.078291
vn 0 0.996917 0.078459
vn -0.005131 0.996917 0.078291
vn -0.010241 0.996917 0.077788
vn -0.015307 0.996917 0.076952
vn -0.020307 0.996917 0.075786
vn -0.02522 0.996917 0.074295
vn -0.030025 0.996917 0.072487
vn -0.034702 0.996917 0.070368
vn -0.03923 0.996917 0.067948
vn -0.04359 0.996917 0.065236
vn -0.047763 0.996917 0.062246
vn -0.051732 0.996917 0.058989
vn -0.055479 0.996917 0.055479
vn -0.058989 0.996917 0.051732
vn -0.062246 0.996917 0.047763
vn -0.065236 0.996917 0.04359
vn -0.067948 0.996917 0.03923
vn -0.070368 0.996917 0.034702
vn -0.072487 0.996917 0.030025
vn -0.074295 0.996917 0.02522
vn -0.075786 0.996917 0.020307
vn -0.076952 0.996917 0.015307
vn -0.077788 0.996917 0.010241
vn -0.078291 0.996917 0.005131
vn -0.078459 0.996917 0
vn -0.078291 0.996917 -0.005131
vn -0.077788 0.996917 -0.010241
vn -0.076952 0.996917 -0.015307
vn -0.075786 0.996917 -0.020307
vn -0.074295 0.996917 -0.02522
vn -0.072487 0.996917 -0.030025
vn -0.070368 0.996917 -0.034702
vn -0.067948 0.996917 -0.03923
vn -0.065236 0.996917 -0.04359
vn -0.062246 0.996917 -0.047763
vn -0.058989 0.996917 -0.051732
vn -0.055479 0.996917 -0.055479
vn -0.051732 0.996917 -0.058989
vn -0.047763 0.996917 -0.062246
vn -0.04359 0.996917 -0.065236
vn -0.03923 0.996917 -0.067948
vn -0.034702 0.996917 -0.070368
vn -0.030025 0.996917 -0.072487
vn -0.02522 0.996917 -0.074295
vn -0.020307 0.996917 -0.075786
vn -0.015307 0.996917 -0.076952
vn -0.010241 0.996917 -0.077788
vn -0.005131 0.996917 -0.078291
vn 0 0.996917 -0.078459
vn 0.005131 0.996917 -0.078291
vn 0.010241 0.996917 -0.077788
vn 0.015307 0.996917 -0.076952
vn 0.020307 0.996917 -0.075786
vn 0.02522 0.996917 -0.074295
vn 0.030025 0.996917 -0.072487
vn 0.034702 0.996917 -0.070368
vn 0.03923 0.996917 -0.067948
vn 0.04359 0.996917 -0.065236
vn 0.047763 0.996917 -0.062246
vn 0.051732 0.996917 -0.058989
vn 0.055479 0.996917 -0.055479
vn 0.058989 0.996917 -0.051732
vn 0.062246 0.996917 -0.047763
vn 0.065236 0.996917 -0.04359
vn 0.067948 0.996917 -0.03923
vn 0.070368 0.996917 -0.034702
vn 0.072487 0.996917 -0.030025
vn 0.074295 0.996917 -0.02522
vn 0.075786 0.996917 -0.020307
vn 0.076952 0.996917 -0.015307
vn 0.077788 0.996917 -0.010241
vn 0.078291 0.996917 -0.005131
vn -0.129933 0.991523 0
vn -0.129655 0.991523 -0.008498
vn -0.128821 0.991523 -0.01696
vn -0.127436 0.991523 -0.025349
vn -0.125505 0.991523 -0.033629
vn -0.123037 0.991523 -0.041766
vn -0.120042 0.991523 -0.049723
vn -0.116533 0.991523 -0.057468
vn -0.112525 0.991523 -0.064966
vn -0.108035 0.991523 -0.072187
vn -0.103083 0.991523 -0.079098
vn -0.097689 0.991523 -0.085671
vn -0.091876 0.991523 -0.091876
vn -0.085671 0.991523 -0.097689
vn -0.079098 0.991523 -0.103083
vn -0.072187 0.991523 -0.108035
vn -0.064966 0.991523 -0.112525
vn -0.057468 0.991523 -0.116533
vn -0.049723 0.991523 -0.120042
vn -0.041766 0.991523 -0.123037
vn -0.033629 0.991523 -0.125505
vn -0.025349 0.991523 -0.127436
vn -0.01696 0.991523 -0.128821
vn -0.008498 0.991523 -0.129655
vn 0 0.991523 -0.129933
vn 0.008498 0.991523 -0.129655
vn 0.01696 0.991523 -0.128821
vn 0.025349 0.991523 -0.127436
vn 0.033629 0.991523 -0.125505
vn 0.041766 0.991523 -0.123037
vn 0.049723 0.991523 -0.120042
vn 0.057468 0.991523 -0.116533
vn 0.064966 0.991523 -0.112525
vn 0.072187 0.991523 -0.108035
vn 0.079098 0.991523 -0.103083
vn 0.085671 0.991523 -0.097689
vn 0.091876 0.991523 -0.091876
vn 0.097689 0.991523 -0.085671
vn 0.103083 0.991523 -0.079098
vn 0.108035 0.991523 -0.072187
vn 0.112525 0.991523 -0.064966
vn 0.116533 0.991523 -0.057468
vn 0.120042 0.991523 -0.049723
vn 0.123037 0.991523 -0.041766
vn 0.125505 0.991523 -0.033629
vn 0.127436 0.991523 -0.025349
vn 0.128821 0.991523 -0.01696
vn 0.129655 0.991523 -0.008498
vn 0.129933 0.991523 0
vn 0.129655 0.991523 0.008498
vn 0.128821 0.991523 0.01696
vn 0.127436 0.991523 0.025349
vn 0.125505 0.991523 0.033629
vn 0.123037 0.991523 0.041766
vn 0.120042 0.991523 0.049723
vn 0.116533 0.991523 0.057468
vn 0.112525 0.991523 0.064966
vn 0.108035 0.991523 0.072187
vn 0.103083 0.991523 0.079098
vn 0.097689 0.991523 0.085671
vn 0.091876 0.991523 0.091876
vn 0.085671 0.991523 0.097689
vn 0.079098 0.991523 0.103083
vn 0.072187 0.991523 0.108035
vn 0.064966 0.991523 0.112525
vn 0.057468 0.991523 0.116533
vn 0.049723 0.991523 0.120042
vn 0.041766 0.991523 0.123037
vn 0.033629 0.991523 0.125505
vn 0.025349 0.991523 0.127436
vn 0.01696 0.991523 0.128821
vn 0.008498 0.991523 0.129655
vn 0 0.991523 0.129933
vn -0.008498 0.991523 0.129655
vn -0.01696 0.991523 0.128821
vn -0.025349 0.991523 0.127436
vn -0.033629 0.991523 0.125505
vn -0.041766 0.991523 0.123037
vn -0.049723 0.991523 0.120042
vn -0.057468 0.991523 0.116533
vn -0.064966 0.991523 0.112525
vn -0.072187 0.991523 0.108035
vn -0.079098 0.991523 0.103083
vn -0.085671 0.991523 0.097689
vn -0.091876 0.991523 0.091876
vn -0.097689 0.991523 0.085671
vn -0.103083 0.991523 0.079098
vn -0.108035 0.991523 0.072187
vn -0.112525 0.991523 0.064966
vn -0.116533 0.991523 0.057468
vn -0.120042 0.991523 0.049723
vn -0.123037 0.991523 0.041766
vn -0.125505 0.991523 0.033629
vn -0.127436 0.991523 0.025349
vn -0.128821 0.991523 0.01696
vn -0.129655 0.991523 0.008498
vn -0.411685 0.911326 0
vn -0.410804 0.911326 -0.026926
vn -0.408163 0.911326 -0.053736
vn -0.403775 0.911326 -0.080316
vn -0.397657 0.911326 -0.106552
vn -0.389837 0.911326 -0.132332
vn -0.380348 0.911326 -0.157545
vn -0.369229 0.911326 -0.182084
vn -0.35653 0.911326 -0.205843
vn -0.342304 0.911326 -0.22872
vn -0.326612 0.911326 -0.250618
vn -0.309521 0.911326 -0.271443
vn -0.291105 0.911326 -0.291105
vn -0.271443 0.911326 -0.309521
vn -0.250618 0.911326 -0.326612
vn -0.22872 0.911326 -0.342304
vn -0.205843 0.911326 -0.35653
vn -0.182084 0.911326 -0.369229
vn -0.157545 0.911326 -0.380348
vn -0.132332 0.911326 -0.389837
vn -0.106552 0.911326 -0.397657
vn -0.080316 0.911326 -0.403775
vn -0.053736 0.911326 -0.408163
vn -0.026926 0.911326 -0.410804
vn 0 0.911326 -0.411685
vn 0.026926 0.911326 -0.410804
vn 0.053736 0.911326 -0.408163
vn 0.080316 0.911326 -0.403775
vn 0.106552 0.911326 -0.397657
vn 0.132332 0.911326 -0.389837
vn 0.157545 0.911326 -0.380348
vn 0.182084 0.911326 -0.369229
vn 0.205843 0.911326 -0.35653
vn 0.22872 0.911326 -0.342304
vn 0.250618 0.911326 -0.326612
vn 0.271443 0.911326 -0.309521
vn 0.291105 0.911326 -0.291105
vn 0.309521 0.911326 -0.271443
vn 0.326612 0.911326 -0.250618
vn 0.342304 0.911326 -0.22872
vn 0.35653 0.911326 -0.205843
vn 0.369229 0.911326 -0.182084
vn 0.380348 0.911326 -0.157545
vn 0.389837 0.911326 -0.132332
vn 0.397657 0.911326 -0.106552
vn 0.403775 0.911326 -0.080316
vn 0.408163 0.911326 -0.053736
vn 0.410804 0.911326 -0.026926
vn 0.411685 0.911326 0
vn 0.410804 0.911326 0.026926
vn 0.408163 0.911326 0.053736
vn 0.403775 0.911326 0.080316
vn 0.397657 0.911326 0.106552
vn 0.389837 0.911326 0.132332
vn 0.380348 0.911326 0.157545
vn 0.369229 0.911326 0.182084
vn 0.35653 0.911326 0.205843
vn 0.342304 0.911326 0.22872
vn 0.326612 0.911326 0.250618
vn 0.309521 0.911326 0.271443
vn 0.291105 0.911326 0.291105
vn 0.271443 0.911326 0.309521
vn 0.250618 0.911326 0.326612
vn 0.22872 0.911326 0.342304
vn 0.205843 0.911326 0.35653
vn 0.182084 0.911326 0.369229
vn 0.157545 0.911326 0.380348
vn 0.132332 0.911326 0.389837
vn 0.106552 0.911326 0.397657
vn 0.080316 0.911326 0.403775
vn 0.053736 0.911326 0.408163
vn 0.026926 0.911326 0.410804
vn 0 0.911326 0.411685
vn -0.026926 0.911326 0.410804
vn -0.053736 0.911326 0.408163
vn -0.080316 0.911326 0.403775
vn -0.106552 0.911326 0.397657
vn -0.132332 0.911326 0.389837
vn -0.157545 0.911326 0.380348
vn -0.182084 0.911326 0.369229
vn -0.205843 0.911326 0.35653
vn -0.22872 0.911326 0.342304
vn -0.250618 0.911326 0.326612
vn -0.271443 0.911326 0.309521
vn -0.291105 0.911326 0.291105
vn -0.309521 0.911326 0.271443
vn -0.326612 0.911326 0.250618
vn -0.342304 0.911326 0.22872
vn -0.35653 0.911326 0.205843
vn -0.369229 0.911326 0.182084
vn -0.380348 0.911326 0.157545
vn -0.389837 0.911326 0.132332
vn -0.397657 0.911326 0.106552
vn -0.403775 0.911326 0.080316
vn -0.408163 0.911326 0.053736
vn -0.410804 0.911326 0.026926
vn -0.606019 0.79545 0
vn -0.604722 0.79545 -0.039636
vn -0.600835 0.79545 -0.079101
vn -0.594375 0.79545 -0.118228
vn -0.58537 0.79545 -0.156849
vn -0.573858 0.79545 -0.194799
vn -0.559889 0.79545 -0.231914
vn -0.543522 0.79545 -0.268035
vn -0.524828 0.79545 -0.30301
vn -0.503887 0.79545 -0.336686
vn -0.480787 0.79545 -0.368921
vn -0.455629 0.79545 -0.399576
vn -0.42852 0.79545 -0.42852
vn -0.399576 0.79545 -0.455629
vn -0.368921 0.79545 -0.480787
vn -0.336686 0.79545 -0.503887
vn -0.30301 0.79545 -0.524828
vn -0.268035 0.79545 -0.543522
vn -0.231914 0.79545 -0.559889
vn -0.194799 0.79545 -0.573858
vn -0.156849 0.79545 -0.58537
vn -0.118228 0.79545 -0.594375
vn -0.079101 0.79545 -0.600835
vn -0.039636 0.79545 -0.604722
vn 0 0.79545 -0.606019
vn 0.039636 0.79545 -0.604722
vn 0.079101 0.79545 -0.600835
vn 0.118228 0.79545 -0.594375
vn 0.156849 0.79545 -0.58537
vn 0.194799 0.79545 -0.573858
vn 0.231914 0.79545 -0.559889
vn 0.268035 0.79545 -0.543522
vn 0.30301 0.79545 -0.524828
vn 0.336686 0.79545 -0.503887
vn 0.368921 0.79545 -0.480787
vn 0.399576 0.79545 -0.455629
vn 0.42852 0.79545 -0.42852
vn 0.455629 0.79545 -0.399576
vn 0.480787 0.79545 -0.368921
vn 0.503887 0.79545 -0.336686
vn 0.524828 0.79545 -0.30301
vn 0.543522 0.79545 -0.268035
vn 0.559889 0.79545 -0.231914
vn 0.573858 0.79545 -0.194799
vn 0.58537 0.79545 -0.156849
vn 0.594375 0.79545 -0.118228
vn 0.600835 0.79545 -0.079101
vn 0.604722 0.79545 -0.039636
vn 0.606019 0.79545 0
vn 0.604722 0.79545 0.039636
vn 0.600835 0.79545 0.079101
vn 0.594375 0.79545 0.118228
vn 0.58537 0.79545 0.156849
vn 0.573858 0.79545 0.194799
vn 0.559889 0.79545 0.231914
vn 0.543522 0.79545 0.268035
vn 0.524828 0.79545 0.30301
vn 0.503887 0.79545 0.336686
vn 0.480787 0.79545 0.368921
vn 0.455629 0.79545 0.399576
vn 0.42852 0.79545 0.42852
vn 0.399576 0.79545 0.455629
vn 0.368921 0.79545 0.480787
vn 0.336686 0.79545 0.503887
vn 0.30301 0.79545 0.524828
vn 0.268035 0.79545 0.543522
vn 0.231914 0.79545 0.559889
vn 0.194799 0.79545 0.573858
vn 0.156849 0.79545 0.58537
vn 0.118228 0.79545 0.594375
vn 0.079101 0.79545 0.600835
vn 0.039636 0.79545 0.604722
vn 0 0.79545 0.606019
vn -0.039636 0.79545 0.604722
vn -0.079101 0.79545 0.600835
vn -0.118228 0.79545 0.594375
vn -0.156849 0.79545 0.58537
vn -0.194799 0.79545 0.573858
vn -0.231914 0.79545 0.559889
vn -0.268035 0.79545 0.543522
vn -0.30301 0.79545 0.524828
vn -0.336686 0.79545 0.503887
vn -0.368921 0.79545 0.480787
vn -0.399576 0.79545 0.455629
vn -0.42852 0.79545 0.42852
vn -0.455629 0.79545 0.399576
vn -0.480787 0.79545 0.368921
vn -0.503887 0.79545 0.336686
vn -0.524828 0.79545 0.30301
vn -0.543522 0.79545 0.268035
vn -0.559889 0.79545 0.231914
vn -0.573858 0.79545 0.194799
vn -0.58537 0.79545 0.156849
vn -0.594375 0.79545 0.118228
vn -0.600835 0.79545 0.079101
vn -0.604722 0.79545 0.039636
vn -0.654931 0.755689 0
vn -0.653528 0.755689 -0.042835
vn -0.649328 0.755689 -0.085486
vn -0.642346 0.755689 -0.127771
vn -0.632614 0.755689 -0.169508
vn -0.620173 0.755689 -0.210521
vn -0.605077 0.755689 -0.250631
vn -0.587389 0.755689 -0.289668
vn -0.567186 0.755689 -0.327465
vn -0.544555 0.755689 -0.36386
vn -0.519591 0.755689 -0.398696
vn -0.492403 0.755689 -0.431826
vn -0.463106 0.755689 -0.463106
vn -0.431826 0.755689 -0.492403
vn -0.398696 0.755689 -0.519591
vn -0.36386 0.755689 -0.544555
vn -0.327465 0.755689 -0.567186
vn -0.289668 0.755689 -0.587389
vn -0.250631 0.755689 -0.605077
vn -0.210521 0.755689 -0.620173
vn -0.169508 0.755689 -0.632614
vn -0.127771 0.755689 -0.642346
vn -0.085486 0.755689 -0.649328
vn -0.042835 0.755689 -0.653528
vn 0 0.755689 -0.654931
vn 0.042835 0.755689 -0.653528
vn 0.085486 0.755689 -0.649328
vn 0.127771 0.755689 -0.642346
vn 0.169508 0.755689 -0.632614
vn 0.210521 0.755689 -0.620173
vn 0.250631 0.755689 -0.605077
vn 0.289668 0.755689 -0.587389
vn 0.327465 0.755689 -0.567186
vn 0.36386 0.755689 -0.544555
vn 0.398696 0.755689 -0.519591
vn 0.431826 0.755689 -0.492403
vn 0.463106 0.755689 -0.463106
vn 0.492403 0.755689 -0.431826
vn 0.519591 0.755689 -0.398696
vn 0.544555 0.755689 -0.36386
vn 0.567186 0.755689 -0.327465
vn 0.587389 0.755689 -0.289668
vn 0.605077 0.755689 -0.250631
vn 0.620173 0.755689 -0.210521
vn 0.632614 0.755689 -0.169508
vn 0.642346 0.755689 -0.127771
vn 0.649328 0.755689 -0.085486
vn 0.653528 0.755689 -0.042835
vn 0.654931 0.755689 0
vn 0.653528 0.755689 0.042835
vn 0.649328 0.755689 0.085486
vn 0.642346 0.755689 0.127771
vn 0.632614 0.755689 0.169508
vn 0.620173 0.755689 0.210521
vn 0.605077 0.755689 0.250631
vn 0.587389 0.755689 0.289668
vn 0.567186 0.755689 0.327465
vn 0.544555 0.755689 0.36386
vn 0.519591 0.755689 0.398696
vn 0.492403 0.755689 0.431826
vn 0.463106 0.755689 0.463106
vn 0.431826 0.755689 0.492403
vn 0.398696 0.755689 0.519591
vn 0.36386 0.755689 0.544555
vn 0.327465 0.755689 0.567186
vn 0.289668 0.755689 0.587389
vn 0.250631 0.755689 0.605077
vn 0.210521 0.755689 0.620173
vn 0.169508 0.755689 0.632614
vn 0.127771 0.755689 0.642346
vn 0.085486 0.755689 0.649328
vn 0.042835 0.755689 0.653528
vn 0 0.755689 0.654931
vn -0.042835 0.755689 0.653528
vn -0.085486 0.755689 0.649328
vn -0.127771 0.755689 0.642346
vn -0.169508 0.755689 0.632614
vn -0.210521 0.755689 0.620173
vn -0.250631 0.755689 0.605077
vn -0.289668 0.755689 0.587389
vn -0.327465 0.755689 0.567186
vn -0.36386 0.755689 0.544555
vn -0.398696 0.755689 0.519591
vn -0.431826 0.755689 0.492403
vn -0.463106 0.755689 0.463106
vn -0.492403 0.755689 0.431826
vn -0.519591 0.755689 0.398696
vn -0.544555 0.755689 0.36386
vn -0.567186 0.755689 0.327465
vn -0.587389 0.755689 0.289668
vn -0.605077 0.755689 0.250631
vn -0.620173 0.755689 0.210521
vn -0.632614 0.755689 0.169508
vn -0.642346 0.755689 0.127771
vn -0.649328 0.755689 0.085486
vn -0.653528 0.755689 0.042835
vn -0.606019 0.79545 0
vn -0.604722 0.79545 -0.039636
vn -0.600835 0.79545 -0.079101
vn -0.594375 0.79545 -0.118228
vn -0.58537 0.79545 -0.156849
vn -0.573858 0.79545 -0.194799
vn -0.559889 0.79545 -0.231914
vn -0.543522 0.79545 -0.268035
vn -0.524828 0.79545 -0.30301
vn -0.503887 0.79545 -0.336686
vn -0.480787 0.79545 -0.368921
vn -0.455629 0.79545 -0.399576
vn -0.42852 0.79545 -0.42852
vn -0.399576 0.79545 -0.455629
vn -0.368921 0.79545 -0.480787
vn -0.336686 0.79545 -0.503887
vn -0.30301 0.79545 -0.524828
vn -0.268035 0.79545 -0.543522
vn -0.231914 0.79545 -0.559889
vn -0.194799 0.79545 -0.573858
vn -0.156849 0.79545 -0.58537
vn -0.118228 0.79545 -0.594375
vn -0.079101 0.79545 -0.600835
vn -0.039636 0.79545 -0.604722
vn 0 0.79545 -0.606019
vn 0.039636 0.79545 -0.604722
vn 0.079101 0.79545 -0.600835
vn 0.118228 0.79545 -0.594375
vn 0.156849 0.79545 -0.58537
vn 0.194799 0.79545 -0.573858
vn 0.231914 0.79545 -0.559889
vn 0.268035 0.79545 -0.543522
vn 0.30301 0.79545 -0.524828
vn 0.336686 0.79545 -0.503887
vn 0.368921 0.79545 -0.480787
vn 0.399576 0.79545 -0.455629
vn 0.42852 0.79545 -0.42852
vn 0.455629 0.79545 -0.399576
vn 0.480787 0.79545 -0.368921
vn 0.503887 0.79545 -0.336686
vn 0.524828 0.79545 -0.30301
vn 0.543522 0.79545 -0.268035
vn 0.559889 0.79545 -0.231914
vn 0.573858 0.79545 -0.194799
vn 0.58537 0.79545 -0.156849
vn 0.594375 0.79545 -0.118228
vn 0.600835 0.79545 -0.079101
vn 0.604722 0.79545 -0.039636
vn 0.606019 0.79545 0
vn 0.604722 0.79545 0.039636
vn 0.600835 0.79545 0.079101
vn 0.594375 0.79545 0.118228
vn 0.58537 0.79545 0.156849
vn 0.573858 0.79545 0.194799
vn 0.559889 0.79545 0.231914
vn 0.543522 0.79545 0.268035
vn 0.524828 0.79545 0.30301
vn 0.503887 0.79545 0.336686
vn 0.480787 0.79545 0.368921
vn 0.455629 0.79545 0.399576
vn 0.42852 0.79545 0.42852
vn 0.399576 0.79545 0.455629
vn 0.368921 0.79545 0.480787
vn 0.336686 0.79545 0.503887
vn 0.30301 0.79545 0.524828
vn 0.268035 0.79545 0.543522
vn 0.231914 0.79545 0.559889
vn 0.194799 0.79545 0.573858
vn 0.156849 0.79545 0.58537
vn 0.118228 0.79545 0.594375
vn 0.079101 0.79545 0.600835
vn 0.039636 0.79545 0.604722
vn 0 0.79545 0.606019
vn -0.039636 0.79545 0.604722
vn -0.079101 0.79545 0.600835
vn -0.118228 0.79545 0.594375
vn -0.156849 0.79545 0.58537
vn -0.194799 0.79545 0.573858
vn -0.231914 0.79545 0.559889
vn -0.268035 0.79545 0.543522
vn -0.30301 0.79545 0.524828
vn -0.336686 0.79545 0.503887
vn -0.368921 0.79545 0.480787
vn -0.399576 0.79545 0.455629
vn -0.42852 0.79545 0.42852
vn -0.455629 0.79545 0.399576
vn -0.480787 0.79545 0.368921
vn -0.503887 0.79545 0.336686
vn -0.524828 0.79545 0.30301
vn -0.543522 0.79545 0.268035
vn -0.559889 0.79545 0.231914
vn -0.573858 0.79545 0.194799
vn -0.58537 0.79545 0.156849
vn -0.594375 0.79545 0.118228
vn -0.600835 0.79545 0.079101
vn -0.604722 0.79545 0.039636
vn -0.411685 0.911326 0
vn -0.410804 0.911326 -0.026926
vn -0.408163 0.911326 -0.053736
vn -0.403775 0.911326 -0.080316
vn -0.397657 0.911326 -0.106552
vn -0.389837 0.911326 -0.132332
vn -0.380348 0.911326 -0.157545
vn -0.369229 0.911326 -0.182084
vn -0.35653 0.911326 -0.205843
vn -0.342304 0.911326 -0.22872
vn -0.326612 0.911326 -0.250618
vn -0.309521 0.911326 -0.271443
vn -0.291105 0.911326 -0.291105
vn -0.271443 0.911326 -0.309521
vn -0.250618 0.911326 -0.326612
vn -0.22872 0.911326 -0.342304
vn -0.205843 0.911326 -0.35653
vn -0.182084 0.911326 -0.369229
vn -0.157545 0.911326 -0.380348
vn -0.132332 0.911326 -0.389837
vn -0.106552 0.911326 -0.397657
vn -0.080316 0.911326 -0.403775
vn -0.053736 0.911326 -0.408163
vn -0.026926 0.911326 -0.410804
vn 0 0.911326 -0.411685
vn 0.026926 0.911326 -0.410804
vn 0.053736 0.911326 -0.408163
vn 0.080316 0.911326 -0.403775
vn 0.106552 0.911326 -0.397657
vn 0.132332 0.911326 -0.389837
vn 0.157545 0.911326 -0.380348
vn 0.182084 0.911326 -0.369229
vn 0.205843 0.911326 -0.35653
vn 0.22872 0.911326 -0.342304
vn 0.250618 0.911326 -0.326612
vn 0.271443 0.911326 -0.309521
vn 0.291105 0.911326 -0.291105
vn 0.309521 0.911326 -0.271443
vn 0.326612 0.911326 -0.250618
vn 0.342304 0.911326 -0.22872
vn 0.35653 0.911326 -0.205843
vn 0.369229 0.911326 -0.182084
vn 0.380348 0.911326 -0.157545
vn 0.389837 0.911326 -0.132332
vn 0.397657 0.911326 -0.106552
vn 0.403775 0.911326 -0.080316
vn 0.408163 0.911326 -0.053736
vn 0.410804 0.911326 -0.026926
vn 0.411685 0.911326 0
vn 0.410804 0.911326 0.026926
vn 0.408163 0.911326 0.053736
vn 0.403775 0.911326 0.080316
vn 0.397657 0.911326 0.106552
vn 0.389837 0.911326 0.132332
vn 0.380348 0.911326 0.157545
vn 0.369229 0.911326 0.182084
vn 0.35653 0.911326 0.205843
vn 0.342304 0.911326 0.22872
vn 0.326612 0.911326 0.250618
vn 0.309521 0.911326 0.271443
vn 0.291105 0.911326 0.291105
vn 0.271443 0.911326 0.309521
vn 0.250618 0.911326 0.326612
vn 0.22872 0.911326 0.342304
vn 0.205843 0.911326 0.35653
vn 0.182084 0.911326 0.369229
vn 0.157545 0.911326 0.380348
vn 0.132332 0.911326 0.389837
vn 0.106552 0.911326 0.397657
vn 0.080316 0.911326 0.403775
vn 0.053736 0.911326 0.408163
vn 0.026926 0.911326 0.410804
vn 0 0.911326 0.411685
vn -0.026926 0.911326 0.410804
vn -0.053736 0.911326 0.408163
vn -0.080316 0.911326 0.403775
vn -0.106552 0.911326 0.397657
vn -0.132332 0.911326 0.389837
vn -0.157545 0.911326 0.380348
vn -0.182084 0.911326 0.369229
vn -0.205843 0.911326 0.35653
vn -0.22872 0.911326 0.342304
vn -0.250618 0.911326 0.326612
vn -0.271443 0.911326 0.309521
vn -0.291105 0.911326 0.291105
vn -0.309521 0.911326 0.271443
vn -0.326612 0.911326 0.250618
vn -0.342304 0.911326 0.22872
vn -0.35653 0.911326 0.205843
vn -0.369229 0.911326 0.182084
vn -0.380348 0.911326 0.157545
vn -0.389837 0.911326 0.132332
vn -0.397657 0.911326 0.106552
vn -0.403775 0.911326 0.080316
vn -0.408163 0.911326 0.053736
vn -0.410804 0.911326 0.026926
vn -0.129933 0.991523 0
vn -0.129655 0.991523 -0.008498
vn -0.128821 0.991523 -0.01696
vn -0.127436 0.991523 -0.025349
vn -0.125505 0.991523 -0.033629
vn -0.123037 0.991523 -0.041766
vn -0.120042 0.991523 -0.049723
vn -0.116533 0.991523 -0.057468
vn -0.112525 0.991523 -0.064966
vn -0.108035 0.991523 -0.072187
vn -0.103083 0.991523 -0.079098
vn -0.097689 0.991523 -0.085671
vn -0.091876 0.991523 -0.091876
vn -0.085671 0.991523 -0.097689
vn -0.079098 0.991523 -0.103083
vn -0.072187 0.991523 -0.108035
vn -0.064966 0.991523 -0.112525
vn -0.057468 0.991523 -0.116533
vn -0.049723 0.991523 -0.120042
vn -0.041766 0.991523 -0.123037
vn -0.033629 0.991523 -0.125505
vn -0.025349 0.991523 -0.127436
vn -0.01696 0.991523 -0.128821
vn -0.008498 0.991523 -0.129655
vn 0 0.991523 -0.129933
vn 0.008498 0.991523 -0.129655
vn 0.01696 0.991523 -0.128821
vn 0.025349 0.991523 -0.127436
vn 0.033629 0.991523 -0.125505
vn 0.041766 0.991523 -0.123037
vn 0.049723 0.991523 -0.120042
vn 0.057468 0.991523 -0.116533
vn 0.064966 0.991523 -0.112525
vn 0.072187 0.991523 -0.108035
vn 0.079098 0.991523 -0.103083
vn 0.085671 0.991523 -0.097689
vn 0.091876 0.991523 -0.091876
vn 0.097689 0.991523 -0.085671
vn 0.103083 0.991523 -0.079098
vn 0.108035 0.991523 -0.072187
vn 0.112525 0.991523 -0.064966
vn 0.116533 0.991523 -0.057468
vn 0.120042 0.991523 -0.049723
vn 0.123037 0.991523 -0.041766
vn 0.125505 0.991523 -0.033629
vn 0.127436 0.991523 -0.025349
vn 0.128821 0.991523 -0.01696
vn 0.129655 0.991523 -0.008498
vn 0.129933 0.991523 0
vn 0.129655 0.991523 0.008498
vn 0.128821 0.991523 0.01696
vn 0.127436 0.991523 0.025349
vn 0.125505 0.991523 0.033629
vn 0.123037 0.991523 0.041766
vn 0.120042 0.991523 0.049723
vn 0.116533 0.991523 0.057468
vn 0.112525 0.991523 0.064966
vn 0.108035 0.991523 0.072187
vn 0.103083 0.991523 0.079098
vn 0.097689 0.991523 0.085671
vn 0.091876 0.991523 0.091876
vn 0.085671 0.991523 0.097689
vn 0.079098 0.991523 0.103083
vn 0.072187 0.991523 0.108035
vn 0.064966 0.991523 0.112525
vn 0.057468 0.991523 0.116533
vn 0.049723 0.991523 0.120042
vn 0.041766 0.991523 0.123037
vn 0.033629 0.991523 0.125505
vn 0.025349 0.991523 0.127436
vn 0.01696 0.991523 0.128821
vn 0.008498 0.991523 0.129655
vn 0 0.991523 0.129933
vn -0.008498 0.991523 0.129655
vn -0.01696 0.991523 0.128821
vn -0.025349 0.991523 0.127436
vn -0.033629 0.991523 0.125505
vn -0.041766 0.991523 0.123037
vn -0.049723 0.991523 0.120042
vn -0.057468 0.991523 0.116533
vn -0.064966 0.991523 0.112525
vn -0.072187 0.991523 0.108035
vn -0.079098 0.991523 0.103083
vn -0.085671 0.991523 0.097689
vn -0.091876 0.991523 0.091876
vn -0.097689 0.991523 0.085671
vn -0.103083 0.991523 0.079098
vn -0.108035 0.991523 0.072187
vn -0.112525 0.991523 0.064966
vn -0.116533 0.991523 0.057468
vn -0.120042 0.991523 0.049723
vn -0.123037 0.991523 0.041766
vn -0.125505 0.991523 0.033629
vn -0.127436 0.991523 0.025349
vn -0.128821 0.991523 0.01696
vn -0.129655 0.991523 0.008498
vn 0 1 0
usemtl cork
s 1
f 1/1/1 2/98/2 3/99/3
f 1/2/1 3/99/3 4/100/4
f 1/3/1 4/100/4 5/101/5
f 1/4/1 5/101/5 6/102/6
f 1/5/1 6/102/6 7/103/7
f 1/6/1 7/103/7 8/104/8
f 1/7/1 8/104/8 9/105/9
f 1/8/1 9/105/9 10/106/10
f 1/9/1 10/106/10 11/107/11
f 1/10/1 11/107/11 12/108/12
f 1/11/1 12/108/12 13/109/13
f 1/12/1 13/109/13 14/110/14
f 1/13/1 14/110/14 15/111/15
f 1/14/1 15/111/15 16/112/16
f 1/15/1 16/112/16 17/113/17
f 1/16/1 17/113/17 18/114/18
f 1/17/1 18/114/18 19/115/19
f 1/18/1 19/115/19 20/116/20
f 1/19/1 20/116/20 21/117/21
f 1/20/1 21/117/21 22/118/22
f 1/21/1 22/118/22 23/119/23
f 1/22/1 23/119/23 24/120/24
f 1/23/1 24/120/24 25/121/25
f 1/24/1 25/121/25 26/122/26
f 1/25/1 26/122/26 27/123/27
f 1/26/1 27/123/27 28/124/28
f 1/27/1 28/124/28 29/125/29
f 1/28/1 29/125/29 30/126/30
f 1/29/1 30/126/30 31/127/31
f 1/30/1 31/127/31 32/128/32
f 1/31/1 32/128/32 33/129/33
f 1/32/1 33/129/33 34/130/34
f 1/33/1 34/130/34 35/131/35
f 1/34/1 35/131/35 36/132/36
f 1/35/1 36/132/36 37/133/37
f 1/36/1 37/133/37 38/134/38
f 1/37/1 38/134/38 39/135/39
f 1/38/1 39/135/39 40/136/40
f 1/39/1 40/136/40 41/137/41
f 1/40/1 41/137/41 42/138/42
f 1/41/1 42/138/42 43/139/43
f 1/42/1 43/139/43 44/140/44
f 1/43/1 44/140/44 45/141/45
f 1/44/1 45/141/45 46/142/46
f 1/45/1 46/142/46 47/143/47
f 1/46/1 47/143/47 48/144/48
f 1/47/1 48/144/48 49/145/49
f 1/48/1 49/145/49 50/146/50
f 1/49/1 50/146/50 51/147/51
f 1/50/1 51/147/51 52/148/52
f 1/51/1 52/148/52 53/149/53
f 1/52/1 53/149/53 54/150/54
f 1/53/1 54/150/54 55/151/55
f 1/54/1 55/151/55 56/152/56
f 1/55/1 56/152/56 57/153/57
f 1/56/1 57/153/57 58/154/58
f 1/57/1 58/154/58 59/155/59
f 1/58/1 59/155/59 60/156/60
f 1/59/1 60/156/60 61/157/61
f 1/60/1 61/157/61 62/158/62
f 1/61/1 62/158/62 63/159/63
f 1/62/1 63/159/63 64/160/64
f 1/63/1 64/160/64 65/161/65
f 1/64/1 65/161/65 66/162/66
f 1/65/1 66/162/66 67/163/67
f 1/66/1 67/163/67 68/164/68
f 1/67/1 68/164/68 69/165/69
f 1/68/1 69/165/69 70/166/70
f 1/69/1 70/166/70 71/167/71
f 1/70/1 71/167/71 72/168/72
f 1/71/1 72/168/72 73/169/73
f 1/72/1 73/169/73 74/170/74
f 1/73/1 74/170/74 75/171/75
f 1/74/1 75/171/75 76/172/76
f 1/75/1 76/172/76 77/173/77
f 1/76/1 77/173/77 78/174/78
f 1/77/1 78/174/78 79/175/79
f 1/78/1 79/175/79 80/176/80
f 1/79/1 80/176/80 81/177/81
f 1/80/1 81/177/81 82/178/82
f 1/81/1 82/178/82 83/179/83
f 1/82/1 83/179/83 84/180/84
f 1/83/1 84/180/84 85/181/85
f 1/84/1 85/181/85 86/182/86
f 1/85/1 86/182/86 87/183/87
f 1/86/1 87/183/87 88/184/88
f 1/87/1 88/184/88 89/185/89
f 1/88/1 89/185/89 90/186/90
f 1/89/1 90/186/90 91/187/91
f 1/90/1 91/187/91 92/188/92
f 1/91/1 92/188/92 93/189/93
f 1/92/1 93/189/93 94/190/94
f 1/93/1 94/190/94 95/191/95
f 1/94/1 95/191/95 96/192/96
f 1/95/1 96/192/96 97/193/97
f 1/96/1 97/193/97 2/194/2
f 2/98/2 98/195/98 99/196/99 3/99/3
f 3/99/3 99/196/99 100/197/100 4/100/4
f 4/100/4 100/197/100 101/198/101 5/101/5
f 5/101/5 101/198/101 102/199/102 6/102/6
f 6/102/6 102/199/102 103/200/103 7/103/7
f 7/103/7 103/200/103 104/201/104 8/104/8
f 8/104/8 104/201/104 105/202/105 9/105/9
f 9/105/9 105/202/105 106/203/106 10/106/10
f 10/106/10 106/203/106 107/204/107 11/107/11
f 11/107/11 107/204/107 108/205/108 12/108/12
f 12/108/12 108/205/108 109/206/109 13/109/13
f 13/109/13 109/206/109 110/207/110 14/110/14
f 14/110/14 110/207/110 111/208/111 15/111/15
f 15/111/15 111/208/111 112/209/112 16/112/16
f 16/112/16 112/209/112 113/210/113 17/113/17
f 17/113/17 113/210/113 114/211/114 18/114/18
f 18/114/18 114/211/114 115/212/115 19/115/19
f 19/115/19 115/212/115 116/213/116 20/116/20
f 20/116/20 116/213/116 117/214/117 21/117/21
f 21/117/21 117/214/117 118/215/118 22/118/22
f 22/118/22 118/215/118 119/216/119 23/119/23
f 23/119/23 119/216/119 120/217/120 24/120/24
f 24/120/24 120/217/120 121/218/121 25/121/25
f 25/121/25 121/218/121 122/219/122 26/122/26
f 26/122/26 122/219/122 123/220/123 27/123/27
f 27/123/27 123/220/123 124/221/124 28/124/28
f 28/124/28 124/221/124 125/222/125 29/125/29
f 29/125/29 125/222/125 126/223/126 30/126/30
f 30/126/30 126/223/126 127/224/127 31/127/31
f 31/127/31 127/224/127 128/225/128 32/128/32
f 32/128/32 128/225/128 129/226/129 33/129/33
f 33/129/33 129/226/129 130/227/130 34/130/34
f 34/130/34 130/227/130 131/228/131 35/131/35
f 35/131/35 131/228/131 132/229/132 36/132/36
f 36/132/36 132/229/132 133/230/133 37/133/37
f 37/133/37 133/230/133 134/231/134 38/134/38
f 38/134/38 134/231/134 135/232/135 39/135/39
f 39/135/39 135/232/135 136/233/136 40/136/40
f 40/136/40 136/233/136 137/234/137 41/137/41
f 41/137/41 137/234/137 138/235/138 42/138/42
f 42/138/42 138/235/138 139/236/139 43/139/43
f 43/139/43 139/236/139 140/237/140 44/140/44
f 44/140/44 140/237/140 141/238/141 45/141/45
f 45/141/45 141/238/141 142/239/142 46/142/46
f 46/142/46 142/239/142 143/240/143 47/143/47
f 47/143/47 143/240/143 144/241/144 48/144/48
f 48/144/48 144/241/144 145/242/145 49/145/49
f 49/145/49 145/242/145 146/243/146 50/146/50
f 50/146/50 146/243/146 147/244/147 51/147/51
f 51/147/51 147/244/147 148/245/148 52/148/52
f 52/148/52 148/245/148 149/246/149 53/149/53
f 53/149/53 149/246/149 150/247/150 54/150/54
f 54/150/54 150/247/150 151/248/151 55/151/55
f 55/151/55 151/248/151 152/249/152 56/152/56
f 56/152/56 152/249/152 153/250/153 57/153/57
f 57/153/57 153/250/153 154/251/154 58/154/58
f 58/154/58 154/251/154 155/252/155 59/155/59
f 59/155/59 155/252/155 156/253/156 60/156/60
f 60/156/60 156/253/156 157/254/157 61/157/61
f 61/157/61 157/254/157 158/255/158 62/158/62
f 62/158/62 158/255/158 159/256/159 63/159/63
f 63/159/63 159/256/159 160/257/160 64/160/64
f 64/160/64 160/257/160 161/258/161 65/161/65
f 65/161/65 161/258/161 162/259/162 66/162/66
f 66/162/66 162/259/162 163/260/163 67/163/67
f 67/163/67 163/260/163 164/261/164 68/164/68
f 68/164/68 164/261/164 165/262/165 69/165/69
f 69/165/69 165/262/165 166/263/166 70/166/70
f 70/166/70 166/263/166 167/264/167 71/167/71
f 71/167/71 167/264/167 168/265/168 72/168/72
f 72/168/72 168/265/168 169/266/169 73/169/73
f 73/169/73 169/266/169 170/267/170 74/170/74
f 74/170/74 170/267/170 171/268/171 75/171/75
f 75/171/75 171/268/171 172/269/172 76/172/76
f 76/172/76 172/269/172 173/270/173 77/173/77
f 77/173/77 173/270/173 174/271/174 78/174/78
f 78/174/78 174/271/174 175/272/175 79/175/79
f 79/175/79 175/272/175 176/273/176 80/176/80
f 80/176/80 176/273/176 177/274/177 81/177/81
f 81/177/81 177/274/177 178/275/178 82/178/82
f 82/178/82 178/275/178 179/276/179 83/179/83
f 83/179/83 179/276/179 180/277/180 84/180/84
f 84/180/84 180/277/180 181/278/181 85/181/85
f 85/181/85 181/278/181 182/279/182 86/182/86
f 86/182/86 182/279/182 183/280/183 87/183/87
f 87/183/87 183/280/183 184/281/184 88/184/88
f 88/184/88 184/281/184 185/282/185 89/185/89
f 89/185/89 185/282/185 186/283/186 90/186/90
f 90/186/90 186/283/186 187/284/187 91/187/91
f 91/187/91 187/284/187 188/285/188 92/188/92
f 92/188/92 188/285/188 189/286/189 93/189/93
f 93/189/93 189/286/189 190/287/190 94/190/94
f 94/190/94 190/287/190 191/288/191 95/191/95
f 95/191/95 191/288/191 192/289/192 96/192/96
f 96/192/96 192/289/192 193/290/193 97/193/97
f 97/193/97 193/290/193 98/291/98 2/194/2
f 98/195/98 194/292/194 195/293/195 99/196/99
f 99/196/99 195/293/195 196/294/196 100/197/100
f 100/197/100 196/294/196 197/295/197 101/198/101
f 101/198/101 197/295/197 198/296/198 102/199/102
f 102/199/102 198/296/198 199/297/199 103/200/103
f 103/200/103 199/297/199 200/298/200 104/201/104
f 104/201/104 200/298/200 201/299/201 105/202/105
f 105/202/105 201/299/201 202/300/202 106/203/106
f 106/203/106 202/300/202 203/301/203 107/204/107
f 107/204/107 203/301/203 204/302/204 108/205/108
f 108/205/108 204/302/204 205/303/205 109/206/109
f 109/206/109 205/303/205 206/304/206 110/207/110
f 110/207/110 206/304/206 207/305/207 111/208/111
f 111/208/111 207/305/207 208/306/208 112/209/112
f 112/209/112 208/306/208 209/307/209 113/210/113
f 113/210/113 209/307/209 210/308/210 114/211/114
f 114/211/114 210/308/210 211/309/211 115/212/115
f 115/212/115 211/309/211 212/310/212 116/213/116
f 116/213/116 212/310/212 213/311/213 117/214/117
f 117/214/117 213/311/213 214/312/214 118/215/118
f 118/215/118 214/312/214 215/313/215 119/216/119
f 119/216/119 215/313/215 216/314/216 120/217/120
f 120/217/120 216/314/216 217/315/217 121/218/121
f 121/218/121 217/315/217 218/316/218 122/219/122
f 122/219/122 218/316/218 219/317/219 123/220/123
f 123/220/123 219/317/219 220/318/220 124/221/124
f 124/221/124 220/318/220 221/319/221 125/222/125
f 125/222/125 221/319/221 222/320/222 126/223/126
f 126/223/126 222/320/222 223/321/223 127/224/127
f 127/224/127 223/321/223 224/322/224 128/225/128
f 128/225/128 224/322/224 225/323/225 129/226/129
f 129/226/129 225/323/225 226/324/226 130/227/130
f 130/227/130 226/324/226 227/325/227 131/228/131
f 131/228/131 227/325/227 228/326/228 132/229/132
f 132/229/132 228/326/228 229/327/229 133/230/133
f 133/230/133 229/327/229 230/328/230 134/231/134
f 134/231/134 230/328/230 231/329/231 135/232/135
f 135/232/135 231/329/231 232/330/232 136/233/136
f 136/233/136 232/330/232 233/331/233 137/234/137
f 137/234/137 233/331/233 234/332/234 138/235/138
f 138/235/138 234/332/234 235/333/235 139/236/139
f 139/236/139 235/333/235 236/334/236 140/237/140
f 140/237/140 236/334/236 237/335/237 141/238/141
f 141/238/141 237/335/237 238/336/238 142/239/142
f 142/239/142 238/336/238 239/337/239 143/240/143
f 143/240/143 239/337/239 240/338/240 144/241/144
f 144/241/144 240/338/240 241/339/241 145/242/145
f 145/242/145 241/339/241 242/340/242 146/243/146
f 146/243/146 242/340/242 243/341/243 147/244/147
f 147/244/147 243/341/243 244/342/244 148/245/148
f 148/245/148 244/342/244 245/343/245 149/246/149
f 149/246/149 245/343/245 246/344/246 150/247/150
f 150/247/150 246/344/246 247/345/247 151/248/151
f 151/248/151 247/345/247 248/346/248 152/249/152
f 152/249/152 248/346/248 249/347/249 153/250/153
f 153/250/153 249/347/249 250/348/250 154/251/154
f 154/251/154 250/348/250 251/349/251 155/252/155
f 155/252/155 251/349/251 252/350/252 156/253/156
f 156/253/156 252/350/252 253/351/253 157/254/157
f 157/254/157 253/351/253 254/352/254 158/255/158
f 158/255/158 254/352/254 255/353/255 159/256/159
f 159/256/159 255/353/255 256/354/256 160/257/160
f 160/257/160 256/354/256 257/355/257 161/258/161
f 161/258/161 257/355/257 258/356/258 162/259/162
f 162/259/162 258/356/258 259/357/259 163/260/163
f 163/260/163 259/357/259 260/358/260 164/261/164
f 164/261/164 260/358/260 261/359/261 165/262/165
f 165/262/165 261/359/261 262/360/262 166/263/166
f 166/263/166 262/360/262 263/361/263 167/264/167
f 167/264/167 263/361/263 264/362/264 168/265/168
f 168/265/168 264/362/264 265/363/265 169/266/169
f 169/266/169 265/363/265 266/364/266 170/267/170
f 170/267/170 266/364/266 267/365/267 171/268/171
f 171/268/171 267/365/267 268/366/268 172/269/172
f 172/269/172 268/366/268 269/367/269 173/270/173
f 173/270/173 269/367/269 270/368/270 174/271/174
f 174/271/174 270/368/270 271/369/271 175/272/175
f 175/272/175 271/369/271 272/370/272 176/273/176
f 176/273/176 272/370/272 273/371/273 177/274/177
f 177/274/177 273/371/273 274/372/274 178/275/178
f 178/275/178 274/372/274 275/373/275 179/276/179
f 179/276/179 275/373/275 276/374/276 180/277/180
f 180/277/180 276/374/276 277/375/277 181/278/181
f 181/278/181 277/375/277 278/376/278 182/279/182
f 182/279/182 278/376/278 279/377/279 183/280/183
f 183/280/183 279/377/279 280/378/280 184/281/184
f 184/281/184 280/378/280 281/379/281 185/282/185
f 185/282/185 281/379/281 282/380/282 186/283/186
f 186/283/186 282/380/282 283/381/283 187/284/187
f 187/284/187 283/381/283 284/382/284 188/285/188
f 188/285/188 284/382/284 285/383/285 189/286/189
f 189/286/189 285/383/285 286/384/286 190/287/190
f 190/287/190 286/384/286 287/385/287 191/288/191
f 191/288/191 287/385/287 288/386/288 192/289/192
f 192/289/192 288/386/288 289/387/289 193/290/193
f 193/290/193 289/387/289 194/388/194 98/291/98
f 194/292/194 290/389/290 291/390/291 195/293/195
f 195/293/195 291/390/291 292/391/292 196/294/196
f 196/294/196 292/391/292 293/392/293 197/295/197
f 197/295/197 293/392/293 294/393/294 198/296/198
f 198/296/198 294/393/294 295/394/295 199/297/199
f 199/297/199 295/394/295 296/395/296 200/298/200
f 200/298/200 296/395/296 297/396/297 201/299/201
f 201/299/201 297/396/297 298/397/298 202/300/202
f 202/300/202 298/397/298 299/398/299 203/301/203
f 203/301/203 299/398/299 300/399/300 204/302/204
f 204/302/204 300/399/300 301/400/301 205/303/205
f 205/303/205 301/400/301 302/401/302 206/304/206
f 206/304/206 302/401/302 303/402/303 207/305/207
f 207/305/207 303/402/303 304/403/304 208/306/208
f 208/306/208 304/403/304 305/404/305 209/307/209
f 209/307/209 305/404/305 306/405/306 210/308/210
f 210/308/210 306/405/306 307/406/307 211/309/211
f 211/309/211 307/406/307 308/407/308 212/310/212
f 212/310/212 308/407/308 309/408/309 213/311/213
f 213/311/213 309/408/309 310/409/310 214/312/214
f 214/312/214 310/409/310 311/410/311 215/313/215
f 215/313/215 311/410/311 312/411/312 216/314/216
f 216/314/216 312/411/312 313/412/313 217/315/217
f 217/315/217 313/412/313 314/413/314 218/316/218
f 218/316/218 314/413/314 315/414/315 219/317/219
f 219/317/219 315/414/315 316/415/316 220/318/220
f 220/318/220 316/415/316 317/416/317 221/319/221
f 221/319/221 317/416/317 318/417/318 222/320/222
f 222/320/222 318/417/318 319/418/319 223/321/223
f 223/321/223 319/418/319 320/419/320 224/322/224
f 224/322/224 320/419/320 321/420/321 225/323/225
f 225/323/225 321/420/321 322/421/322 226/324/226
f 226/324/226 322/421/322 323/422/323 227/325/227
f 227/325/227 323/422/323 324/423/324 228/326/228
f 228/326/228 324/423/324 325/424/325 229/327/229
f 229/327/229 325/424/325 326/425/326 230/328/230
f 230/328/230 326/425/326 327/426/327 231/329/231
f 231/329/231 327/426/327 328/427/328 232/330/232
f 232/330/232 328/427/328 329/428/329 233/331/233
f 233/331/233 329/428/329 330/429/330 234/332/234
f 234/332/234 330/429/330 331/430/331 235/333/235
f 235/333/235 331/430/331 332/431/332 236/334/236
f 236/334/236 332/431/332 333/432/333 237/335/237
f 237/335/237 333/432/333 334/433/334 238/336/238
f 238/336/238 334/433/334 335/434/335 239/337/239
f 239/337/239 335/434/335 336/435/336 240/338/240
f 240/338/240 336/435/336 337/436/337 241/339/241
f 241/339/241 337/436/337 338/437/338 242/340/242
f 242/340/242 338/437/338 339/438/339 243/341/243
f 243/341/243 339/438/339 340/439/340 244/342/244
f 244/342/244 340/439/340 341/440/341 245/343/245
f 245/343/245 341/440/341 342/441/342 246/344/246
f 246/344/246 342/441/342 343/442/343 247/345/247
f 247/345/247 343/442/343 344/443/344 248/346/248
f 248/346/248 344/443/344 345/444/345 249/347/249
f 249/347/249 345/444/345 346/445/346 250/348/250
f 250/348/250 346/445/346 347/446/347 251/349/251
f 251/349/251 347/446/347 348/447/348 252/350/252
f 252/350/252 348/447/348 349/448/349 253/351/253
f 253/351/253 349/448/349 350/449/350 254/352/254
f 254/352/254 350/449/350 351/450/351 255/353/255
f 255/353/255 351/450/351 352/451/352 256/354/256
f 256/354/256 352/451/352 353/452/353 257/355/257
f 257/355/257 353/452/353 354/453/354 258/356/258
f 258/356/258 354/453/354 355/454/355 259/357/259
f 259/357/259 355/454/355 356/455/356 260/358/260
f 260/358/260 356/455/356 357/456/357 261/359/261
f 261/359/261 357/456/357 358/457/358 262/360/262
f 262/360/262 358/457/358 359/458/359 263/361/263
f 263/361/263 359/458/359 360/459/360 264/362/264
f 264/362/264 360/459/360 361/460/361 265/363/265
f 265/363/265 361/460/361 362/461/362 266/364/266
f 266/364/266 362/461/362 363/462/363 267/365/267
f 267/365/267 363/462/363 364/463/364 268/366/268
f 268/366/268 364/463/364 365/464/365 269/367/269
f 269/367/269 365/464/365 366/465/366 270/368/270
f 270/368/270 366/465/366 367/466/367 271/369/271
f 271/369/271 367/466/367 368/467/368 272/370/272
f 272/370/272 368/467/368 369/468/369 273/371/273
f 273/371/273 369/468/369 370/469/370 274/372/274
f 274/372/274 370/469/370 371/470/371 275/373/275
f 275/373/275 371/470/371 372/471/372 276/374/276
f 276/374/276 372/471/372 373/472/373 277/375/277
f 277/375/277 373/472/373 374/473/374 278/376/278
f 278/376/278 374/473/374 375/474/375 279/377/279
f 279/377/279 375/474/375 376/475/376 280/378/280
f 280/378/280 376/475/376 377/476/377 281/379/281
f 281/379/281 377/476/377 378/477/378 282/380/282
f 282/380/282 378/477/378 379/478/379 283/381/283
f 283/381/283 379/478/379 380/479/380 284/382/284
f 284/382/284 380/479/380 381/480/381 285/383/285
f 285/383/285 381/480/381 382/481/382 286/384/286
f 286/384/286 382/481/382 383/482/383 287/385/287
f 287/385/287 383/482/383 384/483/384 288/386/288
f 288/386/288 384/483/384 385/484/385 289/387/289
f 289/387/289 385/484/385 290/485/290 194/388/194
f 290/389/290 386/486/386 387/487/387 291/390/291
f 291/390/291 387/487/387 388/488/388 292/391/292
f 292/391/292 388/488/388 389/489/389 293/392/293
f 293/392/293 389/489/389 390/490/390 294/393/294
f 294/393/294 390/490/390 391/491/391 295/394/295
f 295/394/295 391/491/391 392/492/392 296/395/296
f 296/395/296 392/492/392 393/493/393 297/396/297
f 297/396/297 393/493/393 394/494/394 298/397/298
f 298/397/298 394/494/394 395/495/395 299/398/299
f 299/398/299 395/495/395 396/496/396 300/399/300
f 300/399/300 396/496/396 397/497/397 301/400/301
f 301/400/301 397/497/397 398/498/398 302/401/302
f 302/401/302 398/498/398 399/499/399 303/402/303
f 303/402/303 399/499/399 400/500/400 304/403/304
f 304/403/304 400/500/400 401/501/401 305/404/305
f 305/404/305 401/501/401 402/502/402 306/405/306
f 306/405/306 402/502/402 403/503/403 307/406/307
f 307/406/307 403/503/403 404/504/404 308/407/308
f 308/407/308 404/504/404 405/505/405 309/408/309
f 309/408/309 405/505/405 406/506/406 310/409/310
f 310/409/310 406/506/406 407/507/407 311/410/311
f 311/410/311 407/507/407 408/508/408 312/411/312
f 312/411/312 408/508/408 409/509/409 313/412/313
f 313/412/313 409/509/409 410/510/410 314/413/314
f 314/413/314 410/510/410 411/511/411 315/414/315
f 315/414/315 411/511/411 412/512/412 316/415/316
f 316/415/316 412/512/412 413/513/413 317/416/317
f 317/416/317 413/513/413 414/514/414 318/417/318
f 318/417/318 414/514/414 415/515/415 319/418/319
f 319/418/319 415/515/415 416/516/416 320/419/320
f 320/419/320 416/516/416 417/517/417 321/420/321
f 321/420/321 417/517/417 418/518/418 322/421/322
f 322/421/322 418/518/418 419/519/419 323/422/323
f 323/422/323 419/519/419 420/520/420 324/423/324
f 324/423/324 420/520/420 421/521/421 325/424/325
f 325/424/325 421/521/421 422/522/422 326/425/326
f 326/425/326 422/522/422 423/523/423 327/426/327
f 327/426/327 423/523/423 424/524/424 328/427/328
f 328/427/328 424/524/424 425/525/425 329/428/329
f 329/428/329 425/525/425 426/526/426 330/429/330
f 330/429/330 426/526/426 427/527/427 331/430/331
f 331/430/331 427/527/427 428/528/428 332/431/332
f 332/431/332 428/528/428 429/529/429 333/432/333
f 333/432/333 429/529/429 430/530/430 334/433/334
f 334/433/334 430/530/430 431/531/431 335/434/335
f 335/434/335 431/531/431 432/532/432 336/435/336
f 336/435/336 432/532/432 433/533/433 337/436/337
f 337/436/337 433/533/433 434/534/434 338/437/338
f 338/437/338 434/534/434 435/535/435 339/438/339
f 339/438/339 435/535/435 436/536/436 340/439/340
f 340/439/340 436/536/436 437/537/437 341/440/341
f 341/440/341 437/537/437 438/538/438 342/441/342
f 342/441/342 438/538/438 439/539/439 343/442/343
f 343/442/343 439/539/439 440/540/440 344/443/344
f 344/443/344 440/540/440 441/541/441 345/444/345
f 345/444/345 441/541/441 442/542/442 346/445/346
f 346/445/346 442/542/442 443/543/443 347/446/347
f 347/446/347 443/543/443 444/544/444 348/447/348
f 348/447/348 444/544/444 445/545/445 349/448/349
f 349/448/349 445/545/445 446/546/446 350/449/350
f 350/449/350 446/546/446 447/547/447 351/450/351
f 351/450/351 447/547/447 448/548/448 352/451/352
f 352/451/352 448/548/448 449/549/449 353/452/353
f 353/452/353 449/549/449 450/550/450 354/453/354
f 354/453/354 450/550/450 451/551/451 355/454/355
f 355/454/355 451/551/451 452/552/452 356/455/356
f 356/455/356 452/552/452 453/553/453 357/456/357
f 357/456/357 453/553/453 454/554/454 358/457/358
f 358/457/358 454/554/454 455/555/455 359/458/359
f 359/458/359 455/555/455 456/556/456 360/459/360
f 360/459/360 456/556/456 457/557/457 361/460/361
f 361/460/361 457/557/457 458/558/458 362/461/362
f 362/461/362 458/558/458 459/559/459 363/462/363
f 363/462/363 459/559/459 460/560/460 364/463/364
f 364/463/364 460/560/460 461/561/461 365/464/365
f 365/464/365 461/561/461 462/562/462 366/465/366
f 366/465/366 462/562/462 463/563/463 367/466/367
f 367/466/367 463/563/463 464/564/464 368/467/368
f 368/467/368 464/564/464 465/565/465 369/468/369
f 369/468/369 465/565/465 466/566/466 370/469/370
f 370/469/370 466/566/466 467/567/467 371/470/371
f 371/470/371 467/567/467 468/568/468 372/471/372
f 372/471/372 468/568/468 469/569/469 373/472/373
f 373/472/373 469/569/469 470/570/470 374/473/374
f 374/473/374 470/570/470 471/571/471 375/474/375
f 375/474/375 471/571/471 472/572/472 376/475/376
f 376/475/376 472/572/472 473/573/473 377/476/377
f 377/476/377 473/573/473 474/574/474 378/477/378
f 378/477/378 474/574/474 475/575/475 379/478/379
f 379/478/379 475/575/475 476/576/476 380/479/380
f 380/479/380 476/576/476 477/577/477 381/480/381
f 381/480/381 477/577/477 478/578/478 382/481/382
f 382/481/382 478/578/478 479/579/479 383/482/383
f 383/482/383 479/579/479 480/580/480 384/483/384
f 384/483/384 480/580/480 481/581/481 385/484/385
f 385/484/385 481/581/481 386/582/386 290/485/290
f 386/486/386 482/583/482 483/584/483 387/487/387
f 387/487/387 483/584/483 484/585/484 388/488/388
f 388/488/388 484/585/484 485/586/485 389/489/389
f 389/489/389 485/586/485 486/587/486 390/490/390
f 390/490/390 486/587/486 487/588/487 391/491/391
f 391/491/391 487/588/487 488/589/488 392/492/392
f 392/492/392 488/589/488 489/590/489 393/493/393
f 393/493/393 489/590/489 490/591/490 394/494/394
f 394/494/394 490/591/490 491/592/491 395/495/395
f 395/495/395 491/592/491 492/593/492 396/496/396
f 396/496/396 492/593/492 493/594/493 397/497/397
f 397/497/397 493/594/493 494/595/494 398/498/398
f 398/498/398 494/595/494 495/596/495 399/499/399
f 399/499/399 495/596/495 496/597/496 400/500/400
f 400/500/400 496/597/496 497/598/497 401/501/401
f 401/501/401 497/598/497 498/599/498 402/502/402
f 402/502/402 498/599/498 499/600/499 403/503/403
f 403/503/403 499/600/499 500/601/500 404/504/404
f 404/504/404 500/601/500 501/602/501 405/505/405
f 405/505/405 501/602/501 502/603/502 406/506/406
f 406/506/406 502/603/502 503/604/503 407/507/407
f 407/507/407 503/604/503 504/605/504 408/508/408
f 408/508/408 504/605/504 505/606/505 409/509/409
f 409/509/409 505/606/505 506/607/506 410/510/410
f 410/510/410 506/607/506 507/608/507 411/511/411
f 411/511/411 507/608/507 508/609/508 412/512/412
f 412/512/412 508/609/508 509/610/509 413/513/413
f 413/513/413 509/610/509 510/611/510 414/514/414
f 414/514/414 510/611/510 511/612/511 415/515/415
f 415/515/415 511/612/511 512/613/512 416/516/416
f 416/516/416 512/613/512 513/614/513 417/517/417
f 417/517/417 513/614/513 514/615/514 418/518/418
f 418/518/418 514/615/514 515/616/515 419/519/419
f 419/519/419 515/616/515 516/617/516 420/520/420
f 420/520/420 516/617/516 517/618/517 421/521/421
f 421/521/421 517/618/517 518/619/518 422/522/422
f 422/522/422 518/619/518 519/620/519 423/523/423
f 423/523/423 519/620/519 520/621/520 424/524/424
f 424/524/424 520/621/520 521/622/521 425/525/425
f 425/525/425 521/622/521 522/623/522 426/526/426
f 426/526/426 522/623/522 523/624/523 427/527/427
f 427/527/427 523/624/523 524/625/524 428/528/428
f 428/528/428 524/625/524 525/626/525 429/529/429
f 429/529/429 525/626/525 526/627/526 430/530/430
f 430/530/430 526/627/526 527/628/527 431/531/431
f 431/531/431 527/628/527 528/629/528 432/532/432
f 432/532/432 528/629/528 529/630/529 433/533/433
f 433/533/433 529/630/529 530/631/530 434/534/434
f 434/534/434 530/631/530 531/632/531 435/535/435
f 435/535/435 531/632/531 532/633/532 436/536/436
f 436/536/436 532/633/532 533/634/533 437/537/437
f 437/537/437 533/634/533 534/635/534 438/538/438
f 438/538/438 534/635/534 535/636/535 439/539/439
f 439/539/439 535/636/535 536/637/536 440/540/440
f 440/540/440 536/637/536 537/638/537 441/541/441
f 441/541/441 537/638/537 538/639/538 442/542/442
f 442/542/442 538/639/538 539/640/539 443/543/443
f 443/543/443 539/640/539 540/641/540 444/544/444
f 444/544/444 540/641/540 541/642/541 445/545/445
f 445/545/445 541/642/541 542/643/542 446/546/446
f 446/546/446 542/643/542 543/644/543 447/547/447
f 447/547/447 543/644/543 544/645/544 448/548/448
f 448/548/448 544/645/544 545/646/545 449/549/449
f 449/549/449 545/646/545 546/647/546 450/550/450
f 450/550/450 546/647/546 547/648/547 451/551/451
f 451/551/451 547/648/547 548/649/548 452/552/452
f 452/552/452 548/649/548 549/650/549 453/553/453
f 453/553/453 549/650/549 550/651/550 454/554/454
f 454/554/454 550/651/550 551/652/551 455/555/455
f 455/555/455 551/652/551 552/653/552 456/556/456
f 456/556/456 552/653/552 553/654/553 457/557/457
f 457/557/457 553/654/553 554/655/554 458/558/458
f 458/558/458 554/655/554 555/656/555 459/559/459
f 459/559/459 555/656/555 556/657/556 460/560/460
f 460/560/460 556/657/556 557/658/557 461/561/461
f 461/561/461 557/658/557 558/659/558 462/562/462
f 462/562/462 558/659/558 559/660/559 463/563/463
f 463/563/463 559/660/559 560/661/560 464/564/464
f 464/564/464 560/661/560 561/662/561 465/565/465
f 465/565/465 561/662/561 562/663/562 466/566/466
f 466/566/466 562/663/562 563/664/563 467/567/467
f 467/567/467 563/664/563 564/665/564 468/568/468
f 468/568/468 564/665/564 565/666/565 469/569/469
f 469/569/469 565/666/565 566/667/566 470/570/470
f 470/570/470 566/667/566 567/668/567 471/571/471
f 471/571/471 567/668/567 568/669/568 472/572/472
f 472/572/472 568/669/568 569/670/569 473/573/473
f 473/573/473 569/670/569 570/671/570 474/574/474
f 474/574/474 570/671/570 571/672/571 475/575/475
f 475/575/475 571/672/571 572/673/572 476/576/476
f 476/576/476 572/673/572 573/674/573 477/577/477
f 477/577/477 573/674/573 574/675/574 478/578/478
f 478/578/478 574/675/574 575/676/575 479/579/479
f 479/579/479 575/676/575 576/677/576 480/580/480
f 480/580/480 576/677/576 577/678/577 481/581/481
f 481/581/481 577/678/577 482/679/482 386/582/386
f 482/583/482 578/680/578 579/681/579 483/584/483
f 483/584/483 579/681/579 580/682/580 484/585/484
f 484/585/484 580/682/580 581/683/581 485/586/485
f 485/586/485 581/683/581 582/684/582 486/587/486
f 486/587/486 582/684/582 583/685/583 487/588/487
f 487/588/487 583/685/583 584/686/584 488/589/488
f 488/589/488 584/686/584 585/687/585 489/590/489
f 489/590/489 585/687/585 586/688/586 490/591/490
f 490/591/490 586/688/586 587/689/587 491/592/491
f 491/592/491 587/689/587 588/690/588 492/593/492
f 492/593/492 588/690/588 589/691/589 493/594/493
f 493/594/493 589/691/589 590/692/590 494/595/494
f 494/595/494 590/692/590 591/693/591 495/596/495
f 495/596/495 591/693/591 592/694/592 496/597/496
f 496/597/496 592/694/592 593/695/593 497/598/497
f 497/598/497 593/695/593 594/696/594 498/599/498
f 498/599/498 594/696/594 595/697/595 499/600/499
f 499/600/499 595/697/595 596/698/596 500/601/500
f 500/601/500 596/698/596 597/699/597 501/602/501
f 501/602/501 597/699/597 598/700/598 502/603/502
f 502/603/502 598/700/598 599/701/599 503/604/503
f 503/604/503 599/701/599 600/702/600 504/605/504
f 504/605/504 600/702/600 601/703/601 505/606/505
f 505/606/505 601/703/601 602/704/602 506/607/506
f 506/607/506 602/704/602 603/705/603 507/608/507
f 507/608/507 603/705/603 604/706/604 508/609/508
f 508/609/508 604/706/604 605/707/605 509/610/509
f 509/610/509 605/707/605 606/708/606 510/611/510
f 510/611/510 606/708/606 607/709/607 511/612/511
f 511/612/511 607/709/607 608/710/608 512/613/512
f 512/613/512 608/710/608 609/711/609 513/614/513
f 513/614/513 609/711/609 610/712/610 514/615/514
f 514/615/514 610/712/610 611/713/611 515/616/515
f 515/616/515 611/713/611 612/714/612 516/617/516
f 516/617/516 612/714/612 613/715/613 517/618/517
f 517/618/517 613/715/613 614/716/614 518/619/518
f 518/619/518 614/716/614 615/717/615 519/620/519
f 519/620/519 615/717/615 616/718/616 520/621/520
f 520/621/520 616/718/616 617/719/617 521/622/521
f 521/622/521 617/719/617 618/720/618 522/623/522
f 522/623/522 618/720/618 619/721/619 523/624/523
f 523/624/523 619/721/619 620/722/620 524/625/524
f 524/625/524 620/722/620 621/723/621 525/626/525
f 525/626/525 621/723/621 622/724/622 526/627/526
f 526/627/526 622/724/622 623/725/623 527/628/527
f 527/628/527 623/725/623 624/726/624 528/629/528
f 528/629/528 624/726/624 625/727/625 529/630/529
f 529/630/529 625/727/625 626/728/626 530/631/530
f 530/631/530 626/728/626 627/729/627 531/632/531
f 531/632/531 627/729/627 628/730/628 532/633/532
f 532/633/532 628/730/628 629/731/629 533/634/533
f 533/634/533 629/731/629 630/732/630 534/635/534
f 534/635/534 630/732/630 631/733/631 535/636/535
f 535/636/535 631/733/631 632/734/632 536/637/536
f 536/637/536 632/734/632 633/735/633 537/638/537
f 537/638/537 633/735/633 634/736/634 538/639/538
f 538/639/538 634/736/634 635/737/635 539/640/539
f 539/640/539 635/737/635 636/738/636 540/641/540
f 540/641/540 636/738/636 637/739/637 541/642/541
f 541/642/541 637/739/637 638/740/638 542/643/542
f 542/643/542 638/740/638 639/741/639 543/644/543
f 543/644/543 639/741/639 640/742/640 544/645/544
f 544/645/544 640/742/640 641/743/641 545/646/545
f 545/646/545 641/743/641 642/744/642 546/647/546
f 546/647/546 642/744/642 643/745/643 547/648/547
f 547/648/547 643/745/643 644/746/644 548/649/548
f 548/649/548 644/746/644 645/747/645 549/650/549
f 549/650/549 645/747/645 646/748/646 550/651/550
f 550/651/550 646/748/646 647/749/647 551/652/551
f 551/652/551 647/749/647 648/750/648 552/653/552
f 552/653/552 648/750/648 649/751/649 553/654/553
f 553/654/553 649/751/649 650/752/650 554/655/554
f 554/655/554 650/752/650 651/753/651 555/656/555
f 555/656/555 651/753/651 652/754/652 556/657/556
f 556/657/556 652/754/652 653/755/653 557/658/557
f 557/658/557 653/755/653 654/756/654 558/659/558
f 558/659/558 654/756/654 655/757/655 559/660/559
f 559/660/559 655/757/655 656/758/656 560/661/560
f 560/661/560 656/758/656 657/759/657 561/662/561
f 561/662/561 657/759/657 658/760/658 562/663/562
f 562/663/562 658/760/658 659/761/659 563/664/563
f 563/664/563 659/761/659 660/762/660 564/665/564
f 564/665/564 660/762/660 661/763/661 565/666/565
f 565/666/565 661/763/661 662/764/662 566/667/566
f 566/667/566 662/764/662 663/765/663 567/668/567
f 567/668/567 663/765/663 664/766/664 568/669/568
f 568/669/568 664/766/664 665/767/665 569/670/569
f 569/670/569 665/767/665 666/768/666 570/671/570
f 570/671/570 666/768/666 667/769/667 571/672/571
f 571/672/571 667/769/667 668/770/668 572/673/572
f 572/673/572 668/770/668 669/771/669 573/674/573
f 573/674/573 669/771/669 670/772/670 574/675/574
f 574/675/574 670/772/670 671/773/671 575/676/575
f 575/676/575 671/773/671 672/774/672 576/677/576
f 576/677/576 672/774/672 673/775/673 577/678/577
f 577/678/577 673/775/673 578/776/578 482/679/482
f 578/680/578 674/777/674 675/778/675 579/681/579
f 579/681/579 675/778/675 676/779/676 580/682/580
f 580/682/580 676/779/676 677/780/677 581/683/581
f 581/683/581 677/780/677 678/781/678 582/684/582
f 582/684/582 678/781/678 679/782/679 583/685/583
f 583/685/583 679/782/679 680/783/680 584/686/584
f 584/686/584 680/783/680 681/784/681 585/687/585
f 585/687/585 681/784/681 682/785/682 586/688/586
f 586/688/586 682/785/682 683/786/683 587/689/587
f 587/689/587 683/786/683 684/787/684 588/690/588
f 588/690/588 684/787/684 685/788/685 589/691/589
f 589/691/589 685/788/685 686/789/686 590/692/590
f 590/692/590 686/789/686 687/790/687 591/693/591
f 591/693/591 687/790/687 688/791/688 592/694/592
f 592/694/592 688/791/688 689/792/689 593/695/593
f 593/695/593 689/792/689 690/793/690 594/696/594
f 594/696/594 690/793/690 691/794/691 595/697/595
f 595/697/595 691/794/691 692/795/692 596/698/596
f 596/698/596 692/795/692 693/796/693 597/699/597
f 597/699/597 693/796/693 694/797/694 598/700/598
f 598/700/598 694/797/694 695/798/695 599/701/599
f 599/701/599 695/798/695 696/799/696 600/702/600
f 600/702/600 696/799/696 697/800/697 601/703/601
f 601/703/601 697/800/697 698/801/698 602/704/602
f 602/704/602 698/801/698 699/802/699 603/705/603
f 603/705/603 699/802/699 700/803/700 604/706/604
f 604/706/604 700/803/700 701/804/701 605/707/605
f 605/707/605 701/804/701 702/805/702 606/708/606
f 606/708/606 702/805/702 703/806/703 607/709/607
f 607/709/607 703/806/703 704/807/704 608/710/608
f 608/710/608 704/807/704 705/808/705 609/711/609
f 609/711/609 705/808/705 706/809/706 610/712/610
f 610/712/610 706/809/706 707/810/707 611/713/611
f 611/713/611 707/810/707 708/811/708 612/714/612
f 612/714/612 708/811/708 709/812/709 613/715/613
f 613/715/613 709/812/709 710/813/710 614/716/614
f 614/716/614 710/813/710 711/814/711 615/717/615
f 615/717/615 711/814/711 712/815/712 616/718/616
f 616/718/616 712/815/712 713/816/713 617/719/617
f 617/719/617 713/816/713 714/817/714 618/720/618
f 618/720/618 714/817/714 715/818/715 619/721/619
f 619/721/619 715/818/715 716/819/716 620/722/620
f 620/722/620 716/819/716 717/820/717 621/723/621
f 621/723/621 717/820/717 718/821/718 622/724/622
f 622/724/622 718/821/718 719/822/719 623/725/623
f 623/725/623 719/822/719 720/823/720 624/726/624
f 624/726/624 720/823/720 721/824/721 625/727/625
f 625/727/625 721/824/721 722/825/722 626/728/626
f 626/728/626 722/825/722 723/826/723 627/729/627
f 627/729/627 723/826/723 724/827/724 628/730/628
f 628/730/628 724/827/724 725/828/725 629/731/629
f 629/731/629 725/828/725 726/829/726 630/732/630
f 630/732/630 726/829/726 727/830/727 631/733/631
f 631/733/631 727/830/727 728/831/728 632/734/632
f 632/734/632 728/831/728 729/832/729 633/735/633
f 633/735/633 729/832/729 730/833/730 634/736/634
f 634/736/634 730/833/730 731/834/731 635/737/635
f 635/737/635 731/834/731 732/835/732 636/738/636
f 636/738/636 732/835/732 733/836/733 637/739/637
f 637/739/637 733/836/733 734/837/734 638/740/638
f 638/740/638 734/837/734 735/838/735 639/741/639
f 639/741/639 735/838/735 736/839/736 640/742/640
f 640/742/640 736/839/736 737/840/737 641/743/641
f 641/743/641 737/840/737 738/841/738 642/744/642
f 642/744/642 738/841/738 739/842/739 643/745/643
f 643/745/643 739/842/739 740/843/740 644/746/644
f 644/746/644 740/843/740 741/844/741 645/747/645
f 645/747/645 741/844/741 742/845/742 646/748/646
f 646/748/646 742/845/742 743/846/743 647/749/647
f 647/749/647 743/846/743 744/847/744 648/750/648
f 648/750/648 744/847/744 745/848/745 649/751/649
f 649/751/649 745/848/745 746/849/746 650/752/650
f 650/752/650 746/849/746 747/850/747 651/753/651
f 651/753/651 747/850/747 748/851/748 652/754/652
f 652/754/652 748/851/748 749/852/749 653/755/653
f 653/755/653 749/852/749 750/853/750 654/756/654
f 654/756/654 750/853/750 751/854/751 655/757/655
f 655/757/655 751/854/751 752/855/752 656/758/656
f 656/758/656 752/855/752 753/856/753 657/759/657
f 657/759/657 753/856/753 754/857/754 658/760/658
f 658/760/658 754/857/754 755/858/755 659/761/659
f 659/761/659 755/858/755 756/859/756 660/762/660
f 660/762/660 756/859/756 757/860/757 661/763/661
f 661/763/661 757/860/757 758/861/758 662/764/662
f 662/764/662 758/861/758 759/862/759 663/765/663
f 663/765/663 759/862/759 760/863/760 664/766/664
f 664/766/664 760/863/760 761/864/761 665/767/665
f 665/767/665 761/864/761 762/865/762 666/768/666
f 666/768/666 762/865/762 763/866/763 667/769/667
f 667/769/667 763/866/763 764/867/764 668/770/668
f 668/770/668 764/867/764 765/868/765 669/771/669
f 669/771/669 765/868/765 766/869/766 670/772/670
f 670/772/670 766/869/766 767/870/767 671/773/671
f 671/773/671 767/870/767 768/871/768 672/774/672
f 672/774/672 768/871/768 769/872/769 673/775/673
f 673/775/673 769/872/769 674/873/674 578/776/578
f 674/777/674 770/874/770 771/875/771 675/778/675
f 675/778/675 771/875/771 772/876/772 676/779/676
f 676/779/676 772/876/772 773/877/773 677/780/677
f 677/780/677 773/877/773 774/878/774 678/781/678
f 678/781/678 774/878/774 775/879/775 679/782/679
f 679/782/679 775/879/775 776/880/776 680/783/680
f 680/783/680 776/880/776 777/881/777 681/784/681
f 681/784/681 777/881/777 778/882/778 682/785/682
f 682/785/682 778/882/778 779/883/779 683/786/683
f 683/786/683 779/883/779 780/884/780 684/787/684
f 684/787/684 780/884/780 781/885/781 685/788/685
f 685/788/685 781/885/781 782/886/782 686/789/686
f 686/789/686 782/886/782 783/887/783 687/790/687
f 687/790/687 783/887/783 784/888/784 688/791/688
f 688/791/688 784/888/784 785/889/785 689/792/689
f 689/792/689 785/889/785 786/890/786 690/793/690
f 690/793/690 786/890/786 787/891/787 691/794/691
f 691/794/691 787/891/787 788/892/788 692/795/692
f 692/795/692 788/892/788 789/893/789 693/796/693
f 693/796/693 789/893/789 790/894/790 694/797/694
f 694/797/694 790/894/790 791/895/791 695/798/695
f 695/798/695 791/895/791 792/896/792 696/799/696
f 696/799/696 792/896/792 793/897/793 697/800/697
f 697/800/697 793/897/793 794/898/794 698/801/698
f 698/801/698 794/898/794 795/899/795 699/802/699
f 699/802/699 795/899/795 796/900/796 700/803/700
f 700/803/700 796/900/796 797/901/797 701/804/701
f 701/804/701 797/901/797 798/902/798 702/805/702
f 702/805/702 798/902/798 799/903/799 703/806/703
f 703/806/703 799/903/799 800/904/800 704/807/704
f 704/807/704 800/904/800 801/905/801 705/808/705
f 705/808/705 801/905/801 802/906/802 706/809/706
f 706/809/706 802/906/802 803/907/803 707/810/707
f 707/810/707 803/907/803 804/908/804 708/811/708
f 708/811/708 804/908/804 805/909/805 709/812/709
f 709/812/709 805/909/805 806/910/806 710/813/710
f 710/813/710 806/910/806 807/911/807 711/814/711
f 711/814/711 807/911/807 808/912/808 712/815/712
f 712/815/712 808/912/808 809/913/809 713/816/713
f 713/816/713 809/913/809 810/914/810 714/817/714
f 714/817/714 810/914/810 811/915/811 715/818/715
f 715/818/715 811/915/811 812/916/812 716/819/716
f 716/819/716 812/916/812 813/917/813 717/820/717
f 717/820/717 813/917/813 814/918/814 718/821/718
f 718/821/718 814/918/814 815/919/815 719/822/719
f 719/822/719 815/919/815 816/920/816 720/823/720
f 720/823/720 816/920/816 817/921/817 721/824/721
f 721/824/721 817/921/817 818/922/818 722/825/722
f 722/825/722 818/922/818 819/923/819 723/826/723
f 723/826/723 819/923/819 820/924/820 724/827/724
f 724/827/724 820/924/820 821/925/821 725/828/725
f 725/828/725 821/925/821 822/926/822 726/829/726
f 726/829/726 822/926/822 823/927/823 727/830/727
f 727/830/727 823/927/823 824/928/824 728/831/728
f 728/831/728 824/928/824 825/929/825 729/832/729
f 729/832/729 825/929/825 826/930/826 730/833/730
f 730/833/730 826/930/826 827/931/827 731/834/731
f 731/834/731 827/931/827 828/932/828 732/835/732
f 732/835/732 828/932/828 829/933/829 733/836/733
f 733/836/733 829/933/829 830/934/830 734/837/734
f 734/837/734 830/934/830 831/935/831 735/838/735
f 735/838/735 831/935/831 832/936/832 736/839/736
f 736/839/736 832/936/832 833/937/833 737/840/737
f 737/840/737 833/937/833 834/938/834 738/841/738
f 738/841/738 834/938/834 835/939/835 739/842/739
f 739/842/739 835/939/835 836/940/836 740/843/740
f 740/843/740 836/940/836 837/941/837 741/844/741
f 741/844/741 837/941/837 838/942/838 742/845/742
f 742/845/742 838/942/838 839/943/839 743/846/743
f 743/846/743 839/943/839 840/944/840 744/847/744
f 744/847/744 840/944/840 841/945/841 745/848/745
f 745/848/745 841/945/841 842/946/842 746/849/746
f 746/849/746 842/946/842 843/947/843 747/850/747
f 747/850/747 843/947/843 844/948/844 748/851/748
f 748/851/748 844/948/844 845/949/845 749/852/749
f 749/852/749 845/949/845 846/950/846 750/853/750
f 750/853/750 846/950/846 847/951/847 751/854/751
f 751/854/751 847/951/847 848/952/848 752/855/752
f 752/855/752 848/952/848 849/953/849 753/856/753
f 753/856/753 849/953/849 850/954/850 754/857/754
f 754/857/754 850/954/850 851/955/851 755/858/755
f 755/858/755 851/955/851 852/956/852 756/859/756
f 756/859/756 852/956/852 853/957/853 757/860/757
f 757/860/757 853/957/853 854/958/854 758/861/758
f 758/861/758 854/958/854 855/959/855 759/862/759
f 759/862/759 855/959/855 856/960/856 760/863/760
f 760/863/760 856/960/856 857/961/857 761/864/761
f 761/864/761 857/961/857 858/962/858 762/865/762
f 762/865/762 858/962/858 859/963/859 763/866/763
f 763/866/763 859/963/859 860/964/860 764/867/764
f 764/867/764 860/964/860 861/965/861 765/868/765
f 765/868/765 861/965/861 862/966/862 766/869/766
f 766/869/766 862/966/862 863/967/863 767/870/767
f 767/870/767 863/967/863 864/968/864 768/871/768
f 768/871/768 864/968/864 865/969/865 769/872/769
f 769/872/769 865/969/865 770/970/770 674/873/674
f 770/874/770 866/971/866 867/972/867 771/875/771
f 771/875/771 867/972/867 868/973/868 772/876/772
f 772/876/772 868/973/868 869/974/869 773/877/773
f 773/877/773 869/974/869 870/975/870 774/878/774
f 774/878/774 870/975/870 871/976/871 775/879/775
f 775/879/775 871/976/871 872/977/872 776/880/776
f 776/880/776 872/977/872 873/978/873 777/881/777
f 777/881/777 873/978/873 874/979/874 778/882/778
f 778/882/778 874/979/874 875/980/875 779/883/779
f 779/883/779 875/980/875 876/981/876 780/884/780
f 780/884/780 876/981/876 877/982/877 781/885/781
f 781/885/781 877/982/877 878/983/878 782/886/782
f 782/886/782 878/983/878 879/984/879 783/887/783
f 783/887/783 879/984/879 880/985/880 784/888/784
f 784/888/784 880/985/880 881/986/881 785/889/785
f 785/889/785 881/986/881 882/987/882 786/890/786
f 786/890/786 882/987/882 883/988/883 787/891/787
f 787/891/787 883/988/883 884/989/884 788/892/788
f 788/892/788 884/989/884 885/990/885 789/893/789
f 789/893/789 885/990/885 886/991/886 790/894/790
f 790/894/790 886/991/886 887/992/887 791/895/791
f 791/895/791 887/992/887 888/993/888 792/896/792
f 792/896/792 888/993/888 889/994/889 793/897/793
f 793/897/793 889/994/889 890/995/890 794/898/794
f 794/898/794 890/995/890 891/996/891 795/899/795
f 795/899/795 891/996/891 892/997/892 796/900/796
f 796/900/796 892/997/892 893/998/893 797/901/797
f 797/901/797 893/998/893 894/999/894 798/902/798
f 798/902/798 894/999/894 895/1000/895 799/903/799
f 799/903/799 895/1000/895 896/1001/896 800/904/800
f 800/904/800 896/1001/896 897/1002/897 801/905/801
f 801/905/801 897/1002/897 898/1003/898 802/906/802
f 802/906/802 898/1003/898 899/1004/899 803/907/803
f 803/907/803 899/1004/899 900/1005/900 804/908/804
f 804/908/804 900/1005/900 901/1006/901 805/909/805
f 805/909/805 901/1006/901 902/1007/902 806/910/806
f 806/910/806 902/1007/902 903/1008/903 807/911/807
f 807/911/807 903/1008/903 904/1009/904 808/912/808
f 808/912/808 904/1009/904 905/1010/905 809/913/809
f 809/913/809 905/1010/905 906/1011/906 810/914/810
f 810/914/810 906/1011/906 907/1012/907 811/915/811
f 811/915/811 907/1012/907 908/1013/908 812/916/812
f 812/916/812 908/1013/908 909/1014/909 813/917/813
f 813/917/813 909/1014/909 910/1015/910 814/918/814
f 814/918/814 910/1015/910 911/1016/911 815/919/815
f 815/919/815 911/1016/911 912/1017/912 816/920/816
f 816/920/816 912/1017/912 913/1018/913 817/921/817
f 817/921/817 913/1018/913 914/1019/914 818/922/818
f 818/922/818 914/1019/914 915/1020/915 819/923/819
f 819/923/819 915/1020/915 916/1021/916 820/924/820
f 820/924/820 916/1021/916 917/1022/917 821/925/821
f 821/925/821 917/1022/917 918/1023/918 822/926/822
f 822/926/822 918/1023/918 919/1024/919 823/927/823
f 823/927/823 919/1024/919 920/1025/920 824/928/824
f 824/928/824 920/1025/920 921/1026/921 825/929/825
f 825/929/825 921/1026/921 922/1027/922 826/930/826
f 826/930/826 922/1027/922 923/1028/923 827/931/827
f 827/931/827 923/1028/923 924/1029/924 828/932/828
f 828/932/828 924/1029/924 925/1030/925 829/933/829
f 829/933/829 925/1030/925 926/1031/926 830/934/830
f 830/934/830 926/1031/926 927/1032/927 831/935/831
f 831/935/831 927/1032/927 928/1033/928 832/936/832
f 832/936/832 928/1033/928 929/1034/929 833/937/833
f 833/937/833 929/1034/929 930/1035/930 834/938/834
f 834/938/834 930/1035/930 931/1036/931 835/939/835
f 835/939/835 931/1036/931 932/1037/932 836/940/836
f 836/940/836 932/1037/932 933/1038/933 837/941/837
f 837/941/837 933/1038/933 934/1039/934 838/942/838
f 838/942/838 934/1039/934 935/1040/935 839/943/839
f 839/943/839 935/1040/935 936/1041/936 840/944/840
f 840/944/840 936/1041/936 937/1042/937 841/945/841
f 841/945/841 937/1042/937 938/1043/938 842/946/842
f 842/946/842 938/1043/938 939/1044/939 843/947/843
f 843/947/843 939/1044/939 940/1045/940 844/948/844
f 844/948/844 940/1045/940 941/1046/941 845/949/845
f 845/949/845 941/1046/941 942/1047/942 846/950/846
f 846/950/846 942/1047/942 943/1048/943 847/951/847
f 847/951/847 943/1048/943 944/1049/944 848/952/848
f 848/952/848 944/1049/944 945/1050/945 849/953/849
f 849/953/849 945/1050/945 946/1051/946 850/954/850
f 850/954/850 946/1051/946 947/1052/947 851/955/851
f 851/955/851 947/1052/947 948/1053/948 852/956/852
f 852/956/852 948/1053/948 949/1054/949 853/957/853
f 853/957/853 949/1054/949 950/1055/950 854/958/854
f 854/958/854 950/1055/950 951/1056/951 855/959/855
f 855/959/855 951/1056/951 952/1057/952 856/960/856
f 856/960/856 952/1057/952 953/1058/953 857/961/857
f 857/961/857 953/1058/953 954/1059/954 858/962/858
f 858/962/858 954/1059/954 955/1060/955 859/963/859
f 859/963/859 955/1060/955 956/1061/956 860/964/860
f 860/964/860 956/1061/956 957/1062/957 861/965/861
f 861/965/861 957/1062/957 958/1063/958 862/966/862
f 862/966/862 958/1063/958 959/1064/959 863/967/863
f 863/967/863 959/1064/959 960/1065/960 864/968/864
f 864/968/864 960/1065/960 961/1066/961 865/969/865
f 865/969/865 961/1066/961 866/1067/866 770/970/770
f 866/971/866 962/1068/962 963/1069/963 867/972/867
f 867/972/867 963/1069/963 964/1070/964 868/973/868
f 868/973/868 964/1070/964 965/1071/965 869/974/869
f 869/974/869 965/1071/965 966/1072/966 870/975/870
f 870/975/870 966/1072/966 967/1073/967 871/976/871
f 871/976/871 967/1073/967 968/1074/968 872/977/872
f 872/977/872 968/1074/968 969/1075/969 873/978/873
f 873/978/873 969/1075/969 970/1076/970 874/979/874
f 874/979/874 970/1076/970 971/1077/971 875/980/875
f 875/980/875 971/1077/971 972/1078/972 876/981/876
f 876/981/876 972/1078/972 973/1079/973 877/982/877
f 877/982/877 973/1079/973 974/1080/974 878/983/878
f 878/983/878 974/1080/974 975/1081/975 879/984/879
f 879/984/879 975/1081/975 976/1082/976 880/985/880
f 880/985/880 976/1082/976 977/1083/977 881/986/881
f 881/986/881 977/1083/977 978/1084/978 882/987/882
f 882/987/882 978/1084/978 979/1085/979 883/988/883
f 883/988/883 979/1085/979 980/1086/980 884/989/884
f 884/989/884 980/1086/980 981/1087/981 885/990/885
f 885/990/885 981/1087/981 982/1088/982 886/991/886
f 886/991/886 982/1088/982 983/1089/983 887/992/887
f 887/992/887 983/1089/983 984/1090/984 888/993/888
f 888/993/888 984/1090/984 985/1091/985 889/994/889
f 889/994/889 985/1091/985 986/1092/986 890/995/890
f 890/995/890 986/1092/986 987/1093/987 891/996/891
f 891/996/891 987/1093/987 988/1094/988 892/997/892
f 892/997/892 988/1094/988 989/1095/989 893/998/893
f 893/998/893 989/1095/989 990/1096/990 894/999/894
f 894/999/894 990/1096/990 991/1097/991 895/1000/895
f 895/1000/895 991/1097/991 992/1098/992 896/1001/896
f 896/1001/896 992/1098/992 993/1099/993 897/1002/897
f 897/1002/897 993/1099/993 994/1100/994 898/1003/898
f 898/1003/898 994/1100/994 995/1101/995 899/1004/899
f 899/1004/899 995/1101/995 996/1102/996 900/1005/900
f 900/1005/900 996/1102/996 997/1103/997 901/1006/901
f 901/1006/901 997/1103/997 998/1104/998 902/1007/902
f 902/1007/902 998/1104/998 999/1105/999 903/1008/903
f 903/1008/903 999/1105/999 1000/1106/1000 904/1009/904
f 904/1009/904 1000/1106/1000 1001/1107/1001 905/1010/905
f 905/1010/905 1001/1107/1001 1002/1108/1002 906/1011/906
f 906/1011/906 1002/1108/1002 1003/1109/1003 907/1012/907
f 907/1012/907 1003/1109/1003 1004/1110/1004 908/1013/908
f 908/1013/908 1004/1110/1004 1005/1111/1005 909/1014/909
f 909/1014/909 1005/1111/1005 1006/1112/1006 910/1015/910
f 910/1015/910 1006/1112/1006 1007/1113/1007 911/1016/911
f 911/1016/911 1007/1113/1007 1008/1114/1008 912/1017/912
f 912/1017/912 1008/1114/1008 1009/1115/1009 913/1018/913
f 913/1018/913 1009/1115/1009 1010/1116/1010 914/1019/914
f 914/1019/914 1010/1116/1010 1011/1117/1011 915/1020/915
f 915/1020/915 1011/1117/1011 1012/1118/1012 916/1021/916
f 916/1021/916 1012/1118/1012 1013/1119/1013 917/1022/917
f 917/1022/917 1013/1119/1013 1014/1120/1014 918/1023/918
f 918/1023/918 1014/1120/1014 1015/1121/1015 919/1024/919
f 919/1024/919 1015/1121/1015 1016/1122/1016 920/1025/920
f 920/1025/920 1016/1122/1016 1017/1123/1017 921/1026/921
f 921/1026/921 1017/1123/1017 1018/1124/1018 922/1027/922
f 922/1027/922 1018/1124/1018 1019/1125/1019 923/1028/923
f 923/1028/923 1019/1125/1019 1020/1126/1020 924/1029/924
f 924/1029/924 1020/1126/1020 1021/1127/1021 925/1030/925
f 925/1030/925 1021/1127/1021 1022/1128/1022 926/1031/926
f 926/1031/926 1022/1128/1022 1023/1129/1023 927/1032/927
f 927/1032/927 1023/1129/1023 1024/1130/1024 928/1033/928
f 928/1033/928 1024/1130/1024 1025/1131/1025 929/1034/929
f 929/1034/929 1025/1131/1025 1026/1132/1026 930/1035/930
f 930/1035/930 1026/1132/1026 1027/1133/1027 931/1036/931
f 931/1036/931 1027/1133/1027 1028/1134/1028 932/1037/932
f 932/1037/932 1028/1134/1028 1029/1135/1029 933/1038/933
f 933/1038/933 1029/1135/1029 1030/1136/1030 934/1039/934
f 934/1039/934 1030/1136/1030 1031/1137/1031 935/1040/935
f 935/1040/935 1031/1137/1031 1032/1138/1032 936/1041/936
f 936/1041/936 1032/1138/1032 1033/1139/1033 937/1042/937
f 937/1042/937 1033/1139/1033 1034/1140/1034 938/1043/938
f 938/1043/938 1034/1140/1034 1035/1141/1035 939/1044/939
f 939/1044/939 1035/1141/1035 1036/1142/1036 940/1045/940
f 940/1045/940 1036/1142/1036 1037/1143/1037 941/1046/941
f 941/1046/941 1037/1143/1037 1038/1144/1038 942/1047/942
f 942/1047/942 1038/1144/1038 1039/1145/1039 943/1048/943
f 943/1048/943 1039/1145/1039 1040/1146/1040 944/1049/944
f 944/1049/944 1040/1146/1040 1041/1147/1041 945/1050/945
f 945/1050/945 1041/1147/1041 1042/1148/1042 946/1051/946
f 946/1051/946 1042/1148/1042 1043/1149/1043 947/1052/947
f 947/1052/947 1043/1149/1043 1044/1150/1044 948/1053/948
f 948/1053/948 1044/1150/1044 1045/1151/1045 949/1054/949
f 949/1054/949 1045/1151/1045 1046/1152/1046 950/1055/950
f 950/1055/950 1046/1152/1046 1047/1153/1047 951/1056/951
f 951/1056/951 1047/1153/1047 1048/1154/1048 952/1057/952
f 952/1057/952 1048/1154/1048 1049/1155/1049 953/1058/953
f 953/1058/953 1049/1155/1049 1050/1156/1050 954/1059/954
f 954/1059/954 1050/1156/1050 1051/1157/1051 955/1060/955
f 955/1060/955 1051/1157/1051 1052/1158/1052 956/1061/956
f 956/1061/956 1052/1158/1052 1053/1159/1053 957/1062/957
f 957/1062/957 1053/1159/1053 1054/1160/1054 958/1063/958
f 958/1063/958 1054/1160/1054 1055/1161/1055 959/1064/959
f 959/1064/959 1055/1161/1055 1056/1162/1056 960/1065/960
f 960/1065/960 1056/1162/1056 1057/1163/1057 961/1066/961
f 961/1066/961 1057/1163/1057 962/1164/962 866/1067/866
f 962/1068/962 1058/1165/1058 1059/1166/1059 963/1069/963
f 963/1069/963 1059/1166/1059 1060/1167/1060 964/1070/964
f 964/1070/964 1060/1167/1060 1061/1168/1061 965/1071/965
f 965/1071/965 1061/1168/1061 1062/1169/1062 966/1072/966
f 966/1072/966 1062/1169/1062 1063/1170/1063 967/1073/967
f 967/1073/967 1063/1170/1063 1064/1171/1064 968/1074/968
f 968/1074/968 1064/1171/1064 1065/1172/1065 969/1075/969
f 969/1075/969 1065/1172/1065 1066/1173/1066 970/1076/970
f 970/1076/970 1066/1173/1066 1067/1174/1067 971/1077/971
f 971/1077/971 1067/1174/1067 1068/1175/1068 972/1078/972
f 972/1078/972 1068/1175/1068 1069/1176/1069 973/1079/973
f 973/1079/973 1069/1176/1069 1070/1177/1070 974/1080/974
f 974/1080/974 1070/1177/1070 1071/1178/1071 975/1081/975
f 975/1081/975 1071/1178/1071 1072/1179/1072 976/1082/976
f 976/1082/976 1072/1179/1072 1073/1180/1073 977/1083/977
f 977/1083/977 1073/1180/1073 1074/1181/1074 978/1084/978
f 978/1084/978 1074/1181/1074 1075/1182/1075 979/1085/979
f 979/1085/979 1075/1182/1075 1076/1183/1076 980/1086/980
f 980/1086/980 1076/1183/1076 1077/1184/1077 981/1087/981
f 981/1087/981 1077/1184/1077 1078/1185/1078 982/1088/982
f 982/1088/982 1078/1185/1078 1079/1186/1079 983/1089/983
f 983/1089/983 1079/1186/1079 1080/1187/1080 984/1090/984
f 984/1090/984 1080/1187/1080 1081/1188/1081 985/1091/985
f 985/1091/985 1081/1188/1081 1082/1189/1082 986/1092/986
f 986/1092/986 1082/1189/1082 1083/1190/1083 987/1093/987
f 987/1093/987 1083/1190/1083 1084/1191/1084 988/1094/988
f 988/1094/988 1084/1191/1084 1085/1192/1085 989/1095/989
f 989/1095/989 1085/1192/1085 1086/1193/1086 990/1096/990
f 990/1096/990 1086/1193/1086 1087/1194/1087 991/1097/991
f 991/1097/991 1087/1194/1087 1088/1195/1088 992/1098/992
f 992/1098/992 1088/1195/1088 1089/1196/1089 993/1099/993
f 993/1099/993 1089/1196/1089 1090/1197/1090 994/1100/994
f 994/1100/994 1090/1197/1090 1091/1198/1091 995/1101/995
f 995/1101/995 1091/1198/1091 1092/1199/1092 996/1102/996
f 996/1102/996 1092/1199/1092 1093/1200/1093 997/1103/997
f 997/1103/997 1093/1200/1093 1094/1201/1094 998/1104/998
f 998/1104/998 1094/1201/1094 1095/1202/1095 999/1105/999
f 999/1105/999 1095/1202/1095 1096/1203/1096 1000/1106/1000
f 1000/1106/1000 1096/1203/1096 1097/1204/1097 1001/1107/1001
f 1001/1107/1001 1097/1204/1097 1098/1205/1098 1002/1108/1002
f 1002/1108/1002 1098/1205/1098 1099/1206/1099 1003/1109/1003
f 1003/1109/1003 1099/1206/1099 1100/1207/1100 1004/1110/1004
f 1004/1110/1004 1100/1207/1100 1101/1208/1101 1005/1111/1005
f 1005/1111/1005 1101/1208/1101 1102/1209/1102 1006/1112/1006
f 1006/1112/1006 1102/1209/1102 1103/1210/1103 1007/1113/1007
f 1007/1113/1007 1103/1210/1103 1104/1211/1104 1008/1114/1008
f 1008/1114/1008 1104/1211/1104 1105/1212/1105 1009/1115/1009
f 1009/1115/1009 1105/1212/1105 1106/1213/1106 1010/1116/1010
f 1010/1116/1010 1106/1213/1106 1107/1214/1107 1011/1117/1011
f 1011/1117/1011 1107/1214/1107 1108/1215/1108 1012/1118/1012
f 1012/1118/1012 1108/1215/1108 1109/1216/1109 1013/1119/1013
f 1013/1119/1013 1109/1216/1109 1110/1217/1110 1014/1120/1014
f 1014/1120/1014 1110/1217/1110 1111/1218/1111 1015/1121/1015
f 1015/1121/1015 1111/1218/1111 1112/1219/1112 1016/1122/1016
f 1016/1122/1016 1112/1219/1112 1113/1220/1113 1017/1123/1017
f 1017/1123/1017 1113/1220/1113 1114/1221/1114 1018/1124/1018
f 1018/1124/1018 1114/1221/1114 1115/1222/1115 1019/1125/1019
f 1019/1125/1019 1115/1222/1115 1116/1223/1116 1020/1126/1020
f 1020/1126/1020 1116/1223/1116 1117/1224/1117 1021/1127/1021
f 1021/1127/1021 1117/1224/1117 1118/1225/1118 1022/1128/1022
f 1022/1128/1022 1118/1225/1118 1119/1226/1119 1023/1129/1023
f 1023/1129/1023 1119/1226/1119 1120/1227/1120 1024/1130/1024
f 1024/1130/1024 1120/1227/1120 1121/1228/1121 1025/1131/1025
f 1025/1131/1025 1121/1228/1121 1122/1229/1122 1026/1132/1026
f 1026/1132/1026 1122/1229/1122 1123/1230/1123 1027/1133/1027
f 1027/1133/1027 1123/1230/1123 1124/1231/1124 1028/1134/1028
f 1028/1134/1028 1124/1231/1124 1125/1232/1125 1029/1135/1029
f 1029/1135/1029 1125/1232/1125 1126/1233/1126 1030/1136/1030
f 1030/1136/1030 1126/1233/1126 1127/1234/1127 1031/1137/1031
f 1031/1137/1031 1127/1234/1127 1128/1235/1128 1032/1138/1032
f 1032/1138/1032 1128/1235/1128 1129/1236/1129 1033/1139/1033
f 1033/1139/1033 1129/1236/1129 1130/1237/1130 1034/1140/1034
f 1034/1140/1034 1130/1237/1130 1131/1238/1131 1035/1141/1035
f 1035/1141/1035 1131/1238/1131 1132/1239/1132 1036/1142/1036
f 1036/1142/1036 1132/1239/1132 1133/1240/1133 1037/1143/1037
f 1037/1143/1037 1133/1240/1133 1134/1241/1134 1038/1144/1038
f 1038/1144/1038 1134/1241/1134 1135/1242/1135 1039/1145/1039
f 1039/1145/1039 1135/1242/1135 1136/1243/1136 1040/1146/1040
f 1040/1146/1040 1136/1243/1136 1137/1244/1137 1041/1147/1041
f 1041/1147/1041 1137/1244/1137 1138/1245/1138 1042/1148/1042
f 1042/1148/1042 1138/1245/1138 1139/1246/1139 1043/1149/1043
f 1043/1149/1043 1139/1246/1139 1140/1247/1140 1044/1150/1044
f 1044/1150/1044 1140/1247/1140 1141/1248/1141 1045/1151/1045
f 1045/1151/1045 1141/1248/1141 1142/1249/1142 1046/1152/1046
f 1046/1152/1046 1142/1249/1142 1143/1250/1143 1047/1153/1047
f 1047/1153/1047 1143/1250/1143 1144/1251/1144 1048/1154/1048
f 1048/1154/1048 1144/1251/1144 1145/1252/1145 1049/1155/1049
f 1049/1155/1049 1145/1252/1145 1146/1253/1146 1050/1156/1050
f 1050/1156/1050 1146/1253/1146 1147/1254/1147 1051/1157/1051
f 1051/1157/1051 1147/1254/1147 1148/1255/1148 1052/1158/1052
f 1052/1158/1052 1148/1255/1148 1149/1256/1149 1053/1159/1053
f 1053/1159/1053 1149/1256/1149 1150/1257/1150 1054/1160/1054
f 1054/1160/1054 1150/1257/1150 1151/1258/1151 1055/1161/1055
f 1055/1161/1055 1151/1258/1151 1152/1259/1152 1056/1162/1056
f 1056/1162/1056 1152/1259/1152 1153/1260/1153 1057/1163/1057
f 1057/1163/1057 1153/1260/1153 1058/1261/1058 962/1164/962
f 1058/1165/1058 1154/1262/1154 1155/1263/1155 1059/1166/1059
f 1059/1166/1059 1155/1263/1155 1156/1264/1156 1060/1167/1060
f 1060/1167/1060 1156/1264/1156 1157/1265/1157 1061/1168/1061
f 1061/1168/1061 1157/1265/1157 1158/1266/1158 1062/1169/1062
f 1062/1169/1062 1158/1266/1158 1159/1267/1159 1063/1170/1063
f 1063/1170/1063 1159/1267/1159 1160/1268/1160 1064/1171/1064
f 1064/1171/1064 1160/1268/1160 1161/1269/1161 1065/1172/1065
f 1065/1172/1065 1161/1269/1161 1162/1270/1162 1066/1173/1066
f 1066/1173/1066 1162/1270/1162 1163/1271/1163 1067/1174/1067
f 1067/1174/1067 1163/1271/1163 1164/1272/1164 1068/1175/1068
f 1068/1175/1068 1164/1272/1164 1165/1273/1165 1069/1176/1069
f 1069/1176/1069 1165/1273/1165 1166/1274/1166 1070/1177/1070
f 1070/1177/1070 1166/1274/1166 1167/1275/1167 1071/1178/1071
f 1071/1178/1071 1167/1275/1167 1168/1276/1168 1072/1179/1072
f 1072/1179/1072 1168/1276/1168 1169/1277/1169 1073/1180/1073
f 1073/1180/1073 1169/1277/1169 1170/1278/1170 1074/1181/1074
f 1074/1181/1074 1170/1278/1170 1171/1279/1171 1075/1182/1075
f 1075/1182/1075 1171/1279/1171 1172/1280/1172 1076/1183/1076
f 1076/1183/1076 1172/1280/1172 1173/1281/1173 1077/1184/1077
f 1077/1184/1077 1173/1281/1173 1174/1282/1174 1078/1185/1078
f 1078/1185/1078 1174/1282/1174 1175/1283/1175 1079/1186/1079
f 1079/1186/1079 1175/1283/1175 1176/1284/1176 1080/1187/1080
f 1080/1187/1080 1176/1284/1176 1177/1285/1177 1081/1188/1081
f 1081/1188/1081 1177/1285/1177 1178/1286/1178 1082/1189/1082
f 1082/1189/1082 1178/1286/1178 1179/1287/1179 1083/1190/1083
f 1083/1190/1083 1179/1287/1179 1180/1288/1180 1084/1191/1084
f 1084/1191/1084 1180/1288/1180 1181/1289/1181 1085/1192/1085
f 1085/1192/1085 1181/1289/1181 1182/1290/1182 1086/1193/1086
f 1086/1193/1086 1182/1290/1182 1183/1291/1183 1087/1194/1087
f 1087/1194/1087 1183/1291/1183 1184/1292/1184 1088/1195/1088
f 1088/1195/1088 1184/1292/1184 1185/1293/1185 1089/1196/1089
f 1089/1196/1089 1185/1293/1185 1186/1294/1186 1090/1197/1090
f 1090/1197/1090 1186/1294/1186 1187/1295/1187 1091/1198/1091
f 1091/1198/1091 1187/1295/1187 1188/1296/1188 1092/1199/1092
f 1092/1199/1092 1188/1296/1188 1189/1297/1189 1093/1200/1093
f 1093/1200/1093 1189/1297/1189 1190/1298/1190 1094/1201/1094
f 1094/1201/1094 1190/1298/1190 1191/1299/1191 1095/1202/1095
f 1095/1202/1095 1191/1299/1191 1192/1300/1192 1096/1203/1096
f 1096/1203/1096 1192/1300/1192 1193/1301/1193 1097/1204/1097
f 1097/1204/1097 1193/1301/1193 1194/1302/1194 1098/1205/1098
f 1098/1205/1098 1194/1302/1194 1195/1303/1195 1099/1206/1099
f 1099/1206/1099 1195/1303/1195 1196/1304/1196 1100/1207/1100
f 1100/1207/1100 1196/1304/1196 1197/1305/1197 1101/1208/1101
f 1101/1208/1101 1197/1305/1197 1198/1306/1198 1102/1209/1102
f 1102/1209/1102 1198/1306/1198 1199/1307/1199 1103/1210/1103
f 1103/1210/1103 1199/1307/1199 1200/1308/1200 1104/1211/1104
f 1104/1211/1104 1200/1308/1200 1201/1309/1201 1105/1212/1105
f 1105/1212/1105 1201/1309/1201 1202/1310/1202 1106/1213/1106
f 1106/1213/1106 1202/1310/1202 1203/1311/1203 1107/1214/1107
f 1107/1214/1107 1203/1311/1203 1204/1312/1204 1108/1215/1108
f 1108/1215/1108 1204/1312/1204 1205/1313/1205 1109/1216/1109
f 1109/1216/1109 1205/1313/1205 1206/1314/1206 1110/1217/1110
f 1110/1217/1110 1206/1314/1206 1207/1315/1207 1111/1218/1111
f 1111/1218/1111 1207/1315/1207 1208/1316/1208 1112/1219/1112
f 1112/1219/1112 1208/1316/1208 1209/1317/1209 1113/1220/1113
f 1113/1220/1113 1209/1317/1209 1210/1318/1210 1114/1221/1114
f 1114/1221/1114 1210/1318/1210 1211/1319/1211 1115/1222/1115
f 1115/1222/1115 1211/1319/1211 1212/1320/1212 1116/1223/1116
f 1116/1223/1116 1212/1320/1212 1213/1321/1213 1117/1224/1117
f 1117/1224/1117 1213/1321/1213 1214/1322/1214 1118/1225/1118
f 1118/1225/1118 1214/1322/1214 1215/1323/1215 1119/1226/1119
f 1119/1226/1119 1215/1323/1215 1216/1324/1216 1120/1227/1120
f 1120/1227/1120 1216/1324/1216 1217/1325/1217 1121/1228/1121
f 1121/1228/1121 1217/1325/1217 1218/1326/1218 1122/1229/1122
f 1122/1229/1122 1218/1326/1218 1219/1327/1219 1123/1230/1123
f 1123/1230/1123 1219/1327/1219 1220/1328/1220 1124/1231/1124
f 1124/1231/1124 1220/1328/1220 1221/1329/1221 1125/1232/1125
f 1125/1232/1125 1221/1329/1221 1222/1330/1222 1126/1233/1126
f 1126/1233/1126 1222/1330/1222 1223/1331/1223 1127/1234/1127
f 1127/1234/1127 1223/1331/1223 1224/1332/1224 1128/1235/1128
f 1128/1235/1128 1224/1332/1224 1225/1333/1225 1129/1236/1129
f 1129/1236/1129 1225/1333/1225 1226/1334/1226 1130/1237/1130
f 1130/1237/1130 1226/1334/1226 1227/1335/1227 1131/1238/1131
f 1131/1238/1131 1227/1335/1227 1228/1336/1228 1132/1239/1132
f 1132/1239/1132 1228/1336/1228 1229/1337/1229 1133/1240/1133
f 1133/1240/1133 1229/1337/1229 1230/1338/1230 1134/1241/1134
f 1134/1241/1134 1230/1338/1230 1231/1339/1231 1135/1242/1135
f 1135/1242/1135 1231/1339/1231 1232/1340/1232 1136/1243/1136
f 1136/1243/1136 1232/1340/1232 1233/1341/1233 1137/1244/1137
f 1137/1244/1137 1233/1341/1233 1234/1342/1234 1138/1245/1138
f 1138/1245/1138 1234/1342/1234 1235/1343/1235 1139/1246/1139
f 1139/1246/1139 1235/1343/1235 1236/1344/1236 1140/1247/1140
f 1140/1247/1140 1236/1344/1236 1237/1345/1237 1141/1248/1141
f 1141/1248/1141 1237/1345/1237 1238/1346/1238 1142/1249/1142
f 1142/1249/1142 1238/1346/1238 1239/1347/1239 1143/1250/1143
f 1143/1250/1143 1239/1347/1239 1240/1348/1240 1144/1251/1144
f 1144/1251/1144 1240/1348/1240 1241/1349/1241 1145/1252/1145
f 1145/1252/1145 1241/1349/1241 1242/1350/1242 1146/1253/1146
f 1146/1253/1146 1242/1350/1242 1243/1351/1243 1147/1254/1147
f 1147/1254/1147 1243/1351/1243 1244/1352/1244 1148/1255/1148
f 1148/1255/1148 1244/1352/1244 1245/1353/1245 1149/1256/1149
f 1149/1256/1149 1245/1353/1245 1246/1354/1246 1150/1257/1150
f 1150/1257/1150 1246/1354/1246 1247/1355/1247 1151/1258/1151
f 1151/1258/1151 1247/1355/1247 1248/1356/1248 1152/1259/1152
f 1152/1259/1152 1248/1356/1248 1249/1357/1249 1153/1260/1153
f 1153/1260/1153 1249/1357/1249 1154/1358/1154 1058/1261/1058
f 1154/1262/1154 1250/1359/1250 1251/1360/1251 1155/1263/1155
f 1155/1263/1155 1251/1360/1251 1252/1361/1252 1156/1264/1156
f 1156/1264/1156 1252/1361/1252 1253/1362/1253 1157/1265/1157
f 1157/1265/1157 1253/1362/1253 1254/1363/1254 1158/1266/1158
f 1158/1266/1158 1254/1363/1254 1255/1364/1255 1159/1267/1159
f 1159/1267/1159 1255/1364/1255 1256/1365/1256 1160/1268/1160
f 1160/1268/1160 1256/1365/1256 1257/1366/1257 1161/1269/1161
f 1161/1269/1161 1257/1366/1257 1258/1367/1258 1162/1270/1162
f 1162/1270/1162 1258/1367/1258 1259/1368/1259 1163/1271/1163
f 1163/1271/1163 1259/1368/1259 1260/1369/1260 1164/1272/1164
f 1164/1272/1164 1260/1369/1260 1261/1370/1261 1165/1273/1165
f 1165/1273/1165 1261/1370/1261 1262/1371/1262 1166/1274/1166
f 1166/1274/1166 1262/1371/1262 1263/1372/1263 1167/1275/1167
f 1167/1275/1167 1263/1372/1263 1264/1373/1264 1168/1276/1168
f 1168/1276/1168 1264/1373/1264 1265/1374/1265 1169/1277/1169
f 1169/1277/1169 1265/1374/1265 1266/1375/1266 1170/1278/1170
f 1170/1278/1170 1266/1375/1266 1267/1376/1267 1171/1279/1171
f 1171/1279/1171 1267/1376/1267 1268/1377/1268 1172/1280/1172
f 1172/1280/1172 1268/1377/1268 1269/1378/1269 1173/1281/1173
f 1173/1281/1173 1269/1378/1269 1270/1379/1270 1174/1282/1174
f 1174/1282/1174 1270/1379/1270 1271/1380/1271 1175/1283/1175
f 1175/1283/1175 1271/1380/1271 1272/1381/1272 1176/1284/1176
f 1176/1284/1176 1272/1381/1272 1273/1382/1273 1177/1285/1177
f 1177/1285/1177 1273/1382/1273 1274/1383/1274 1178/1286/1178
f 1178/1286/1178 1274/1383/1274 1275/1384/1275 1179/1287/1179
f 1179/1287/1179 1275/1384/1275 1276/1385/1276 1180/1288/1180
f 1180/1288/1180 1276/1385/1276 1277/1386/1277 1181/1289/1181
f 1181/1289/1181 1277/1386/1277 1278/1387/1278 1182/1290/1182
f 1182/1290/1182 1278/1387/1278 1279/1388/1279 1183/1291/1183
f 1183/1291/1183 1279/1388/1279 1280/1389/1280 1184/1292/1184
f 1184/1292/1184 1280/1389/1280 1281/1390/1281 1185/1293/1185
f 1185/1293/1185 1281/1390/1281 1282/1391/1282 1186/1294/1186
f 1186/1294/1186 1282/1391/1282 1283/1392/1283 1187/1295/1187
f 1187/1295/1187 1283/1392/1283 1284/1393/1284 1188/1296/1188
f 1188/1296/1188 1284/1393/1284 1285/1394/1285 1189/1297/1189
f 1189/1297/1189 1285/1394/1285 1286/1395/1286 1190/1298/1190
f 1190/1298/1190 1286/1395/1286 1287/1396/1287 1191/1299/1191
f 1191/1299/1191 1287/1396/1287 1288/1397/1288 1192/1300/1192
f 1192/1300/1192 1288/1397/1288 1289/1398/1289 1193/1301/1193
f 1193/1301/1193 1289/1398/1289 1290/1399/1290 1194/1302/1194
f 1194/1302/1194 1290/1399/1290 1291/1400/1291 1195/1303/1195
f 1195/1303/1195 1291/1400/1291 1292/1401/1292 1196/1304/1196
f 1196/1304/1196 1292/1401/1292 1293/1402/1293 1197/1305/1197
f 1197/1305/1197 1293/1402/1293 1294/1403/1294 1198/1306/1198
f 1198/1306/1198 1294/1403/1294 1295/1404/1295 1199/1307/1199
f 1199/1307/1199 1295/1404/1295 1296/1405/1296 1200/1308/1200
f 1200/1308/1200 1296/1405/1296 1297/1406/1297 1201/1309/1201
f 1201/1309/1201 1297/1406/1297 1298/1407/1298 1202/1310/1202
f 1202/1310/1202 1298/1407/1298 1299/1408/1299 1203/1311/1203
f 1203/1311/1203 1299/1408/1299 1300/1409/1300 1204/1312/1204
f 1204/1312/1204 1300/1409/1300 1301/1410/1301 1205/1313/1205
f 1205/1313/1205 1301/1410/1301 1302/1411/1302 1206/1314/1206
f 1206/1314/1206 1302/1411/1302 1303/1412/1303 1207/1315/1207
f 1207/1315/1207 1303/1412/1303 1304/1413/1304 1208/1316/1208
f 1208/1316/1208 1304/1413/1304 1305/1414/1305 1209/1317/1209
f 1209/1317/1209 1305/1414/1305 1306/1415/1306 1210/1318/1210
f 1210/1318/1210 1306/1415/1306 1307/1416/1307 1211/1319/1211
f 1211/1319/1211 1307/1416/1307 1308/1417/1308 1212/1320/1212
f 1212/1320/1212 1308/1417/1308 1309/1418/1309 1213/1321/1213
f 1213/1321/1213 1309/1418/1309 1310/1419/1310 1214/1322/1214
f 1214/1322/1214 1310/1419/1310 1311/1420/1311 1215/1323/1215
f 1215/1323/1215 1311/1420/1311 1312/1421/1312 1216/1324/1216
f 1216/1324/1216 1312/1421/1312 1313/1422/1313 1217/1325/1217
f 1217/1325/1217 1313/1422/1313 1314/1423/1314 1218/1326/1218
f 1218/1326/1218 1314/1423/1314 1315/1424/1315 1219/1327/1219
f 1219/1327/1219 1315/1424/1315 1316/1425/1316 1220/1328/1220
f 1220/1328/1220 1316/1425/1316 1317/1426/1317 1221/1329/1221
f 1221/1329/1221 1317/1426/1317 1318/1427/1318 1222/1330/1222
f 1222/1330/1222 1318/1427/1318 1319/1428/1319 1223/1331/1223
f 1223/1331/1223 1319/1428/1319 1320/1429/1320 1224/1332/1224
f 1224/1332/1224 1320/1429/1320 1321/1430/1321 1225/1333/1225
f 1225/1333/1225 1321/1430/1321 1322/1431/1322 1226/1334/1226
f 1226/1334/1226 1322/1431/1322 1323/1432/1323 1227/1335/1227
f 1227/1335/1227 1323/1432/1323 1324/1433/1324 1228/1336/1228
f 1228/1336/1228 1324/1433/1324 1325/1434/1325 1229/1337/1229
f 1229/1337/1229 1325/1434/1325 1326/1435/1326 1230/1338/1230
f 1230/1338/1230 1326/1435/1326 1327/1436/1327 1231/1339/1231
f 1231/1339/1231 1327/1436/1327 1328/1437/1328 1232/1340/1232
f 1232/1340/1232 1328/1437/1328 1329/1438/1329 1233/1341/1233
f 1233/1341/1233 1329/1438/1329 1330/1439/1330 1234/1342/1234
f 1234/1342/1234 1330/1439/1330 1331/1440/1331 1235/1343/1235
f 1235/1343/1235 1331/1440/1331 1332/1441/1332 1236/1344/1236
f 1236/1344/1236 1332/1441/1332 1333/1442/1333 1237/1345/1237
f 1237/1345/1237 1333/1442/1333 1334/1443/1334 1238/1346/1238
f 1238/1346/1238 1334/1443/1334 1335/1444/1335 1239/1347/1239
f 1239/1347/1239 1335/1444/1335 1336/1445/1336 1240/1348/1240
f 1240/1348/1240 1336/1445/1336 1337/1446/1337 1241/1349/1241
f 1241/1349/1241 1337/1446/1337 1338/1447/1338 1242/1350/1242
f 1242/1350/1242 1338/1447/1338 1339/1448/1339 1243/1351/1243
f 1243/1351/1243 1339/1448/1339 1340/1449/1340 1244/1352/1244
f 1244/1352/1244 1340/1449/1340 1341/1450/1341 1245/1353/1245
f 1245/1353/1245 1341/1450/1341 1342/1451/1342 1246/1354/1246
f 1246/1354/1246 1342/1451/1342 1343/1452/1343 1247/1355/1247
f 1247/1355/1247 1343/1452/1343 1344/1453/1344 1248/1356/1248
f 1248/1356/1248 1344/1453/1344 1345/1454/1345 1249/1357/1249
f 1249/1357/1249 1345/1454/1345 1250/1455/1250 1154/1358/1154
f 1250/1359/1250 1346/1456/1346 1347/1457/1347 1251/1360/1251
f 1251/1360/1251 1347/1457/1347 1348/1458/1348 1252/1361/1252
f 1252/1361/1252 1348/1458/1348 1349/1459/1349 1253/1362/1253
f 1253/1362/1253 1349/1459/1349 1350/1460/1350 1254/1363/1254
f 1254/1363/1254 1350/1460/1350 1351/1461/1351 1255/1364/1255
f 1255/1364/1255 1351/1461/1351 1352/1462/1352 1256/1365/1256
f 1256/1365/1256 1352/1462/1352 1353/1463/1353 1257/1366/1257
f 1257/1366/1257 1353/1463/1353 1354/1464/1354 1258/1367/1258
f 1258/1367/1258 1354/1464/1354 1355/1465/1355 1259/1368/1259
f 1259/1368/1259 1355/1465/1355 1356/1466/1356 1260/1369/1260
f 1260/1369/1260 1356/1466/1356 1357/1467/1357 1261/1370/1261
f 1261/1370/1261 1357/1467/1357 1358/1468/1358 1262/1371/1262
f 1262/1371/1262 1358/1468/1358 1359/1469/1359 1263/1372/1263
f 1263/1372/1263 1359/1469/1359 1360/1470/1360 1264/1373/1264
f 1264/1373/1264 1360/1470/1360 1361/1471/1361 1265/1374/1265
f 1265/1374/1265 1361/1471/1361 1362/1472/1362 1266/1375/1266
f 1266/1375/1266 1362/1472/1362 1363/1473/1363 1267/1376/1267
f 1267/1376/1267 1363/1473/1363 1364/1474/1364 1268/1377/1268
f 1268/1377/1268 1364/1474/1364 1365/1475/1365 1269/1378/1269
f 1269/1378/1269 1365/1475/1365 1366/1476/1366 1270/1379/1270
f 1270/1379/1270 1366/1476/1366 1367/1477/1367 1271/1380/1271
f 1271/1380/1271 1367/1477/1367 1368/1478/1368 1272/1381/1272
f 1272/1381/1272 1368/1478/1368 1369/1479/1369 1273/1382/1273
f 1273/1382/1273 1369/1479/1369 1370/1480/1370 1274/1383/1274
f 1274/1383/1274 1370/1480/1370 1371/1481/1371 1275/1384/1275
f 1275/1384/1275 1371/1481/1371 1372/1482/1372 1276/1385/1276
f 1276/1385/1276 1372/1482/1372 1373/1483/1373 1277/1386/1277
f 1277/1386/1277 1373/1483/1373 1374/1484/1374 1278/1387/1278
f 1278/1387/1278 1374/1484/1374 1375/1485/1375 1279/1388/1279
f 1279/1388/1279 1375/1485/1375 1376/1486/1376 1280/1389/1280
f 1280/1389/1280 1376/1486/1376 1377/1487/1377 1281/1390/1281
f 1281/1390/1281 1377/1487/1377 1378/1488/1378 1282/1391/1282
f 1282/1391/1282 1378/1488/1378 1379/1489/1379 1283/1392/1283
f 1283/1392/1283 1379/1489/1379 1380/1490/1380 1284/1393/1284
f 1284/1393/1284 1380/1490/1380 1381/1491/1381 1285/1394/1285
f 1285/1394/1285 1381/1491/1381 1382/1492/1382 1286/1395/1286
f 1286/1395/1286 1382/1492/1382 1383/1493/1383 1287/1396/1287
f 1287/1396/1287 1383/1493/1383 1384/1494/1384 1288/1397/1288
f 1288/1397/1288 1384/1494/1384 1385/1495/1385 1289/1398/1289
f 1289/1398/1289 1385/1495/1385 1386/1496/1386 1290/1399/1290
f 1290/1399/1290 1386/1496/1386 1387/1497/1387 1291/1400/1291
f 1291/1400/1291 1387/1497/1387 1388/1498/1388 1292/1401/1292
f 1292/1401/1292 1388/1498/1388 1389/1499/1389 1293/1402/1293
f 1293/1402/1293 1389/1499/1389 1390/1500/1390 1294/1403/1294
f 1294/1403/1294 1390/1500/1390 1391/1501/1391 1295/1404/1295
f 1295/1404/1295 1391/1501/1391 1392/1502/1392 1296/1405/1296
f 1296/1405/1296 1392/1502/1392 1393/1503/1393 1297/1406/1297
f 1297/1406/1297 1393/1503/1393 1394/1504/1394 1298/1407/1298
f 1298/1407/1298 1394/1504/1394 1395/1505/1395 1299/1408/1299
f 1299/1408/1299 1395/1505/1395 1396/1506/1396 1300/1409/1300
f 1300/1409/1300 1396/1506/1396 1397/1507/1397 1301/1410/1301
f 1301/1410/1301 1397/1507/1397 1398/1508/1398 1302/1411/1302
f 1302/1411/1302 1398/1508/1398 1399/1509/1399 1303/1412/1303
f 1303/1412/1303 1399/1509/1399 1400/1510/1400 1304/1413/1304
f 1304/1413/1304 1400/1510/1400 1401/1511/1401 1305/1414/1305
f 1305/1414/1305 1401/1511/1401 1402/1512/1402 1306/1415/1306
f 1306/1415/1306 1402/1512/1402 1403/1513/1403 1307/1416/1307
f 1307/1416/1307 1403/1513/1403 1404/1514/1404 1308/1417/1308
f 1308/1417/1308 1404/1514/1404 1405/1515/1405 1309/1418/1309
f 1309/1418/1309 1405/1515/1405 1406/1516/1406 1310/1419/1310
f 1310/1419/1310 1406/1516/1406 1407/1517/1407 1311/1420/1311
f 1311/1420/1311 1407/1517/1407 1408/1518/1408 1312/1421/1312
f 1312/1421/1312 1408/1518/1408 1409/1519/1409 1313/1422/1313
f 1313/1422/1313 1409/1519/1409 1410/1520/1410 1314/1423/1314
f 1314/1423/1314 1410/1520/1410 1411/1521/1411 1315/1424/1315
f 1315/1424/1315 1411/1521/1411 1412/1522/1412 1316/1425/1316
f 1316/1425/1316 1412/1522/1412 1413/1523/1413 1317/1426/1317
f 1317/1426/1317 1413/1523/1413 1414/1524/1414 1318/1427/1318
f 1318/1427/1318 1414/1524/1414 1415/1525/1415 1319/1428/1319
f 1319/1428/1319 1415/1525/1415 1416/1526/1416 1320/1429/1320
f 1320/1429/1320 1416/1526/1416 1417/1527/1417 1321/1430/1321
f 1321/1430/1321 1417/1527/1417 1418/1528/1418 1322/1431/1322
f 1322/1431/1322 1418/1528/1418 1419/1529/1419 1323/1432/1323
f 1323/1432/1323 1419/1529/1419 1420/1530/1420 1324/1433/1324
f 1324/1433/1324 1420/1530/1420 1421/1531/1421 1325/1434/1325
f 1325/1434/1325 1421/1531/1421 1422/1532/1422 1326/1435/1326
f 1326/1435/1326 1422/1532/1422 1423/1533/1423 1327/1436/1327
f 1327/1436/1327 1423/1533/1423 1424/1534/1424 1328/1437/1328
f 1328/1437/1328 1424/1534/1424 1425/1535/1425 1329/1438/1329
f 1329/1438/1329 1425/1535/1425 1426/1536/1426 1330/1439/1330
f 1330/1439/1330 1426/1536/1426 1427/1537/1427 1331/1440/1331
f 1331/1440/1331 1427/1537/1427 1428/1538/1428 1332/1441/1332
f 1332/1441/1332 1428/1538/1428 1429/1539/1429 1333/1442/1333
f 1333/1442/1333 1429/1539/1429 1430/1540/1430 1334/1443/1334
f 1334/1443/1334 1430/1540/1430 1431/1541/1431 1335/1444/1335
f 1335/1444/1335 1431/1541/1431 1432/1542/1432 1336/1445/1336
f 1336/1445/1336 1432/1542/1432 1433/1543/1433 1337/1446/1337
f 1337/1446/1337 1433/1543/1433 1434/1544/1434 1338/1447/1338
f 1338/1447/1338 1434/1544/1434 1435/1545/1435 1339/1448/1339
f 1339/1448/1339 1435/1545/1435 1436/1546/1436 1340/1449/1340
f 1340/1449/1340 1436/1546/1436 1437/1547/1437 1341/1450/1341
f 1341/1450/1341 1437/1547/1437 1438/1548/1438 1342/1451/1342
f 1342/1451/1342 1438/1548/1438 1439/1549/1439 1343/1452/1343
f 1343/1452/1343 1439/1549/1439 1440/1550/1440 1344/1453/1344
f 1344/1453/1344 1440/1550/1440 1441/1551/1441 1345/1454/1345
f 1345/1454/1345 1441/1551/1441 1346/1552/1346 1250/1455/1250
f 1346/1456/1346 1442/1553/1442 1443/1554/1443 1347/1457/1347
f 1347/1457/1347 1443/1554/1443 1444/1555/1444 1348/1458/1348
f 1348/1458/1348 1444/1555/1444 1445/1556/1445 1349/1459/1349
f 1349/1459/1349 1445/1556/1445 1446/1557/1446 1350/1460/1350
f 1350/1460/1350 1446/1557/1446 1447/1558/1447 1351/1461/1351
f 1351/1461/1351 1447/1558/1447 1448/1559/1448 1352/1462/1352
f 1352/1462/1352 1448/1559/1448 1449/1560/1449 1353/1463/1353
f 1353/1463/1353 1449/1560/1449 1450/1561/1450 1354/1464/1354
f 1354/1464/1354 1450/1561/1450 1451/1562/1451 1355/1465/1355
f 1355/1465/1355 1451/1562/1451 1452/1563/1452 1356/1466/1356
f 1356/1466/1356 1452/1563/1452 1453/1564/1453 1357/1467/1357
f 1357/1467/1357 1453/1564/1453 1454/1565/1454 1358/1468/1358
f 1358/1468/1358 1454/1565/1454 1455/1566/1455 1359/1469/1359
f 1359/1469/1359 1455/1566/1455 1456/1567/1456 1360/1470/1360
f 1360/1470/1360 1456/1567/1456 1457/1568/1457 1361/1471/1361
f 1361/1471/1361 1457/1568/1457 1458/1569/1458 1362/1472/1362
f 1362/1472/1362 1458/1569/1458 1459/1570/1459 1363/1473/1363
f 1363/1473/1363 1459/1570/1459 1460/1571/1460 1364/1474/1364
f 1364/1474/1364 1460/1571/1460 1461/1572/1461 1365/1475/1365
f 1365/1475/1365 1461/1572/1461 1462/1573/1462 1366/1476/1366
f 1366/1476/1366 1462/1573/1462 1463/1574/1463 1367/1477/1367
f 1367/1477/1367 1463/1574/1463 1464/1575/1464 1368/1478/1368
f 1368/1478/1368 1464/1575/1464 1465/1576/1465 1369/1479/1369
f 1369/1479/1369 1465/1576/1465 1466/1577/1466 1370/1480/1370
f 1370/1480/1370 1466/1577/1466 1467/1578/1467 1371/1481/1371
f 1371/1481/1371 1467/1578/1467 1468/1579/1468 1372/1482/1372
f 1372/1482/1372 1468/1579/1468 1469/1580/1469 1373/1483/1373
f 1373/1483/1373 1469/1580/1469 1470/1581/1470 1374/1484/1374
f 1374/1484/1374 1470/1581/1470 1471/1582/1471 1375/1485/1375
f 1375/1485/1375 1471/1582/1471 1472/1583/1472 1376/1486/1376
f 1376/1486/1376 1472/1583/1472 1473/1584/1473 1377/1487/1377
f 1377/1487/1377 1473/1584/1473 1474/1585/1474 1378/1488/1378
f 1378/1488/1378 1474/1585/1474 1475/1586/1475 1379/1489/1379
f 1379/1489/1379 1475/1586/1475 1476/1587/1476 1380/1490/1380
f 1380/1490/1380 1476/1587/1476 1477/1588/1477 1381/1491/1381
f 1381/1491/1381 1477/1588/1477 1478/1589/1478 1382/1492/1382
f 1382/1492/1382 1478/1589/1478 1479/1590/1479 1383/1493/1383
f 1383/1493/1383 1479/1590/1479 1480/1591/1480 1384/1494/1384
f 1384/1494/1384 1480/1591/1480 1481/1592/1481 1385/1495/1385
f 1385/1495/1385 1481/1592/1481 1482/1593/1482 1386/1496/1386
f 1386/1496/1386 1482/1593/1482 1483/1594/1483 1387/1497/1387
f 1387/1497/1387 1483/1594/1483 1484/1595/1484 1388/1498/1388
f 1388/1498/1388 1484/1595/1484 1485/1596/1485 1389/1499/1389
f 1389/1499/1389 1485/1596/1485 1486/1597/1486 1390/1500/1390
f 1390/1500/1390 1486/1597/1486 1487/1598/1487 1391/1501/1391
f 1391/1501/1391 1487/1598/1487 1488/1599/1488 1392/1502/1392
f 1392/1502/1392 1488/1599/1488 1489/1600/1489 1393/1503/1393
f 1393/1503/1393 1489/1600/1489 1490/1601/1490 1394/1504/1394
f 1394/1504/1394 1490/1601/1490 1491/1602/1491 1395/1505/1395
f 1395/1505/1395 1491/1602/1491 1492/1603/1492 1396/1506/1396
f 1396/1506/1396 1492/1603/1492 1493/1604/1493 1397/1507/1397
f 1397/1507/1397 1493/1604/1493 1494/1605/1494 1398/1508/1398
f 1398/1508/1398 1494/1605/1494 1495/1606/1495 1399/1509/1399
f 1399/1509/1399 1495/1606/1495 1496/1607/1496 1400/1510/1400
f 1400/1510/1400 1496/1607/1496 1497/1608/1497 1401/1511/1401
f 1401/1511/1401 1497/1608/1497 1498/1609/1498 1402/1512/1402
f 1402/1512/1402 1498/1609/1498 1499/1610/1499 1403/1513/1403
f 1403/1513/1403 1499/1610/1499 1500/1611/1500 1404/1514/1404
f 1404/1514/1404 1500/1611/1500 1501/1612/1501 1405/1515/1405
f 1405/1515/1405 1501/1612/1501 1502/1613/1502 1406/1516/1406
f 1406/1516/1406 1502/1613/1502 1503/1614/1503 1407/1517/1407
f 1407/1517/1407 1503/1614/1503 1504/1615/1504 1408/1518/1408
f 1408/1518/1408 1504/1615/1504 1505/1616/1505 1409/1519/1409
f 1409/1519/1409 1505/1616/1505 1506/1617/1506 1410/1520/1410
f 1410/1520/1410 1506/1617/1506 1507/1618/1507 1411/1521/1411
f 1411/1521/1411 1507/1618/1507 1508/1619/1508 1412/1522/1412
f 1412/1522/1412 1508/1619/1508 1509/1620/1509 1413/1523/1413
f 1413/1523/1413 1509/1620/1509 1510/1621/1510 1414/1524/1414
f 1414/1524/1414 1510/1621/1510 1511/1622/1511 1415/1525/1415
f 1415/1525/1415 1511/1622/1511 1512/1623/1512 1416/1526/1416
f 1416/1526/1416 1512/1623/1512 1513/1624/1513 1417/1527/1417
f 1417/1527/1417 1513/1624/1513 1514/1625/1514 1418/1528/1418
f 1418/1528/1418 1514/1625/1514 1515/1626/1515 1419/1529/1419
f 1419/1529/1419 1515/1626/1515 1516/1627/1516 1420/1530/1420
f 1420/1530/1420 1516/1627/1516 1517/1628/1517 1421/1531/1421
f 1421/1531/1421 1517/1628/1517 1518/1629/1518 1422/1532/1422
f 1422/1532/1422 1518/1629/1518 1519/1630/1519 1423/1533/1423
f 1423/1533/1423 1519/1630/1519 1520/1631/1520 1424/1534/1424
f 1424/1534/1424 1520/1631/1520 1521/1632/1521 1425/1535/1425
f 1425/1535/1425 1521/1632/1521 1522/1633/1522 1426/1536/1426
f 1426/1536/1426 1522/1633/1522 1523/1634/1523 1427/1537/1427
f 1427/1537/1427 1523/1634/1523 1524/1635/1524 1428/1538/1428
f 1428/1538/1428 1524/1635/1524 1525/1636/1525 1429/1539/1429
f 1429/1539/1429 1525/1636/1525 1526/1637/1526 1430/1540/1430
f 1430/1540/1430 1526/1637/1526 1527/1638/1527 1431/1541/1431
f 1431/1541/1431 1527/1638/1527 1528/1639/1528 1432/1542/1432
f 1432/1542/1432 1528/1639/1528 1529/1640/1529 1433/1543/1433
f 1433/1543/1433 1529/1640/1529 1530/1641/1530 1434/1544/1434
f 1434/1544/1434 1530/1641/1530 1531/1642/1531 1435/1545/1435
f 1435/1545/1435 1531/1642/1531 1532/1643/1532 1436/1546/1436
f 1436/1546/1436 1532/1643/1532 1533/1644/1533 1437/1547/1437
f 1437/1547/1437 1533/1644/1533 1534/1645/1534 1438/1548/1438
f 1438/1548/1438 1534/1645/1534 1535/1646/1535 1439/1549/1439
f 1439/1549/1439 1535/1646/1535 1536/1647/1536 1440/1550/1440
f 1440/1550/1440 1536/1647/1536 1537/1648/1537 1441/1551/1441
f 1441/1551/1441 1537/1648/1537 1442/1649/1442 1346/1552/1346
f 1442/1553/1442 1538/1650/1538 1539/1651/1539 1443/1554/1443
f 1443/1554/1443 1539/1651/1539 1540/1652/1540 1444/1555/1444
f 1444/1555/1444 1540/1652/1540 1541/1653/1541 1445/1556/1445
f 1445/1556/1445 1541/1653/1541 1542/1654/1542 1446/1557/1446
f 1446/1557/1446 1542/1654/1542 1543/1655/1543 1447/1558/1447
f 1447/1558/1447 1543/1655/1543 1544/1656/1544 1448/1559/1448
f 1448/1559/1448 1544/1656/1544 1545/1657/1545 1449/1560/1449
f 1449/1560/1449 1545/1657/1545 1546/1658/1546 1450/1561/1450
f 1450/1561/1450 1546/1658/1546 1547/1659/1547 1451/1562/1451
f 1451/1562/1451 1547/1659/1547 1548/1660/1548 1452/1563/1452
f 1452/1563/1452 1548/1660/1548 1549/1661/1549 1453/1564/1453
f 1453/1564/1453 1549/1661/1549 1550/1662/1550 1454/1565/1454
f 1454/1565/1454 1550/1662/1550 1551/1663/1551 1455/1566/1455
f 1455/1566/1455 1551/1663/1551 1552/1664/1552 1456/1567/1456
f 1456/1567/1456 1552/1664/1552 1553/1665/1553 1457/1568/1457
f 1457/1568/1457 1553/1665/1553 1554/1666/1554 1458/1569/1458
f 1458/1569/1458 1554/1666/1554 1555/1667/1555 1459/1570/1459
f 1459/1570/1459 1555/1667/1555 1556/1668/1556 1460/1571/1460
f 1460/1571/1460 1556/1668/1556 1557/1669/1557 1461/1572/1461
f 1461/1572/1461 1557/1669/1557 1558/1670/1558 1462/1573/1462
f 1462/1573/1462 1558/1670/1558 1559/1671/1559 1463/1574/1463
f 1463/1574/1463 1559/1671/1559 1560/1672/1560 1464/1575/1464
f 1464/1575/1464 1560/1672/1560 1561/1673/1561 1465/1576/1465
f 1465/1576/1465 1561/1673/1561 1562/1674/1562 1466/1577/1466
f 1466/1577/1466 1562/1674/1562 1563/1675/1563 1467/1578/1467
f 1467/1578/1467 1563/1675/1563 1564/1676/1564 1468/1579/1468
f 1468/1579/1468 1564/1676/1564 1565/1677/1565 1469/1580/1469
f 1469/1580/1469 1565/1677/1565 1566/1678/1566 1470/1581/1470
f 1470/1581/1470 1566/1678/1566 1567/1679/1567 1471/1582/1471
f 1471/1582/1471 1567/1679/1567 1568/1680/1568 1472/1583/1472
f 1472/1583/1472 1568/1680/1568 1569/1681/1569 1473/1584/1473
f 1473/1584/1473 1569/1681/1569 1570/1682/1570 1474/1585/1474
f 1474/1585/1474 1570/1682/1570 1571/1683/1571 1475/1586/1475
f 1475/1586/1475 1571/1683/1571 1572/1684/1572 1476/1587/1476
f 1476/1587/1476 1572/1684/1572 1573/1685/1573 1477/1588/1477
f 1477/1588/1477 1573/1685/1573 1574/1686/1574 1478/1589/1478
f 1478/1589/1478 1574/1686/1574 1575/1687/1575 1479/1590/1479
f 1479/1590/1479 1575/1687/1575 1576/1688/1576 1480/1591/1480
f 1480/1591/1480 1576/1688/1576 1577/1689/1577 1481/1592/1481
f 1481/1592/1481 1577/1689/1577 1578/1690/1578 1482/1593/1482
f 1482/1593/1482 1578/1690/1578 1579/1691/1579 1483/1594/1483
f 1483/1594/1483 1579/1691/1579 1580/1692/1580 1484/1595/1484
f 1484/1595/1484 1580/1692/1580 1581/1693/1581 1485/1596/1485
f 1485/1596/1485 1581/1693/1581 1582/1694/1582 1486/1597/1486
f 1486/1597/1486 1582/1694/1582 1583/1695/1583 1487/1598/1487
f 1487/1598/1487 1583/1695/1583 1584/1696/1584 1488/1599/1488
f 1488/1599/1488 1584/1696/1584 1585/1697/1585 1489/1600/1489
f 1489/1600/1489 1585/1697/1585 1586/1698/1586 1490/1601/1490
f 1490/1601/1490 1586/1698/1586 1587/1699/1587 1491/1602/1491
f 1491/1602/1491 1587/1699/1587 1588/1700/1588 1492/1603/1492
f 1492/1603/1492 1588/1700/1588 1589/1701/1589 1493/1604/1493
f 1493/1604/1493 1589/1701/1589 1590/1702/1590 1494/1605/1494
f 1494/1605/1494 1590/1702/1590 1591/1703/1591 1495/1606/1495
f 1495/1606/1495 1591/1703/1591 1592/1704/1592 1496/1607/1496
f 1496/1607/1496 1592/1704/1592 1593/1705/1593 1497/1608/1497
f 1497/1608/1497 1593/1705/1593 1594/1706/1594 1498/1609/1498
f 1498/1609/1498 1594/1706/1594 1595/1707/1595 1499/1610/1499
f 1499/1610/1499 1595/1707/1595 1596/1708/1596 1500/1611/1500
f 1500/1611/1500 1596/1708/1596 1597/1709/1597 1501/1612/1501
f 1501/1612/1501 1597/1709/1597 1598/1710/1598 1502/1613/1502
f 1502/1613/1502 1598/1710/1598 1599/1711/1599 1503/1614/1503
f 1503/1614/1503 1599/1711/1599 1600/1712/1600 1504/1615/1504
f 1504/1615/1504 1600/1712/1600 1601/1713/1601 1505/1616/1505
f 1505/1616/1505 1601/1713/1601 1602/1714/1602 1506/1617/1506
f 1506/1617/1506 1602/1714/1602 1603/1715/1603 1507/1618/1507
f 1507/1618/1507 1603/1715/1603 1604/1716/1604 1508/1619/1508
f 1508/1619/1508 1604/1716/1604 1605/1717/1605 1509/1620/1509
f 1509/1620/1509 1605/1717/1605 1606/1718/1606 1510/1621/1510
f 1510/1621/1510 1606/1718/1606 1607/1719/1607 1511/1622/1511
f 1511/1622/1511 1607/1719/1607 1608/1720/1608 1512/1623/1512
f 1512/1623/1512 1608/1720/1608 1609/1721/1609 1513/1624/1513
f 1513/1624/1513 1609/1721/1609 1610/1722/1610 1514/1625/1514
f 1514/1625/1514 1610/1722/1610 1611/1723/1611 1515/1626/1515
f 1515/1626/1515 1611/1723/1611 1612/1724/1612 1516/1627/1516
f 1516/1627/1516 1612/1724/1612 1613/1725/1613 1517/1628/1517
f 1517/1628/1517 1613/1725/1613 1614/1726/1614 1518/1629/1518
f 1518/1629/1518 1614/1726/1614 1615/1727/1615 1519/1630/1519
f 1519/1630/1519 1615/1727/1615 1616/1728/1616 1520/1631/1520
f 1520/1631/1520 1616/1728/1616 1617/1729/1617 1521/1632/1521
f 1521/1632/1521 1617/1729/1617 1618/1730/1618 1522/1633/1522
f 1522/1633/1522 1618/1730/1618 1619/1731/1619 1523/1634/1523
f 1523/1634/1523 1619/1731/1619 1620/1732/1620 1524/1635/1524
f 1524/1635/1524 1620/1732/1620 1621/1733/1621 1525/1636/1525
f 1525/1636/1525 1621/1733/1621 1622/1734/1622 1526/1637/1526
f 1526/1637/1526 1622/1734/1622 1623/1735/1623 1527/1638/1527
f 1527/1638/1527 1623/1735/1623 1624/1736/1624 1528/1639/1528
f 1528/1639/1528 1624/1736/1624 1625/1737/1625 1529/1640/1529
f 1529/1640/1529 1625/1737/1625 1626/1738/1626 1530/1641/1530
f 1530/1641/1530 1626/1738/1626 1627/1739/1627 1531/1642/1531
f 1531/1642/1531 1627/1739/1627 1628/1740/1628 1532/1643/1532
f 1532/1643/1532 1628/1740/1628 1629/1741/1629 1533/1644/1533
f 1533/1644/1533 1629/1741/1629 1630/1742/1630 1534/1645/1534
f 1534/1645/1534 1630/1742/1630 1631/1743/1631 1535/1646/1535
f 1535/1646/1535 1631/1743/1631 1632/1744/1632 1536/1647/1536
f 1536/1647/1536 1632/1744/1632 1633/1745/1633 1537/1648/1537
f 1537/1648/1537 1633/1745/1633 1538/1746/1538 1442/1649/1442
f 1538/1650/1538 1634/1747/1634 1635/1748/1635 1539/1651/1539
f 1539/1651/1539 1635/1748/1635 1636/1749/1636 1540/1652/1540
f 1540/1652/1540 1636/1749/1636 1637/1750/1637 1541/1653/1541
f 1541/1653/1541 1637/1750/1637 1638/1751/1638 1542/1654/1542
f 1542/1654/1542 1638/1751/1638 1639/1752/1639 1543/1655/1543
f 1543/1655/1543 1639/1752/1639 1640/1753/1640 1544/1656/1544
f 1544/1656/1544 1640/1753/1640 1641/1754/1641 1545/1657/1545
f 1545/1657/1545 1641/1754/1641 1642/1755/1642 1546/1658/1546
f 1546/1658/1546 1642/1755/1642 1643/1756/1643 1547/1659/1547
f 1547/1659/1547 1643/1756/1643 1644/1757/1644 1548/1660/1548
f 1548/1660/1548 1644/1757/1644 1645/1758/1645 1549/1661/1549
f 1549/1661/1549 1645/1758/1645 1646/1759/1646 1550/1662/1550
f 1550/1662/1550 1646/1759/1646 1647/1760/1647 1551/1663/1551
f 1551/1663/1551 1647/1760/1647 1648/1761/1648 1552/1664/1552
f 1552/1664/1552 1648/1761/1648 1649/1762/1649 1553/1665/1553
f 1553/1665/1553 1649/1762/1649 1650/1763/1650 1554/1666/1554
f 1554/1666/1554 1650/1763/1650 1651/1764/1651 1555/1667/1555
f 1555/1667/1555 1651/1764/1651 1652/1765/1652 1556/1668/1556
f 1556/1668/1556 1652/1765/1652 1653/1766/1653 1557/1669/1557
f 1557/1669/1557 1653/1766/1653 1654/1767/1654 1558/1670/1558
f 1558/1670/1558 1654/1767/1654 1655/1768/1655 1559/1671/1559
f 1559/1671/1559 1655/1768/1655 1656/1769/1656 1560/1672/1560
f 1560/1672/1560 1656/1769/1656 1657/1770/1657 1561/1673/1561
f 1561/1673/1561 1657/1770/1657 1658/1771/1658 1562/1674/1562
f 1562/1674/1562 1658/1771/1658 1659/1772/1659 1563/1675/1563
f 1563/1675/1563 1659/1772/1659 1660/1773/1660 1564/1676/1564
f 1564/1676/1564 1660/1773/1660 1661/1774/1661 1565/1677/1565
f 1565/1677/1565 1661/1774/1661 1662/1775/1662 1566/1678/1566
f 1566/1678/1566 1662/1775/1662 1663/1776/1663 1567/1679/1567
f 1567/1679/1567 1663/1776/1663 1664/1777/1664 1568/1680/1568
f 1568/1680/1568 1664/1777/1664 1665/1778/1665 1569/1681/1569
f 1569/1681/1569 1665/1778/1665 1666/1779/1666 1570/1682/1570
f 1570/1682/1570 1666/1779/1666 1667/1780/1667 1571/1683/1571
f 1571/1683/1571 1667/1780/1667 1668/1781/1668 1572/1684/1572
f 1572/1684/1572 1668/1781/1668 1669/1782/1669 1573/1685/1573
f 1573/1685/1573 1669/1782/1669 1670/1783/1670 1574/1686/1574
f 1574/1686/1574 1670/1783/1670 1671/1784/1671 1575/1687/1575
f 1575/1687/1575 1671/1784/1671 1672/1785/1672 1576/1688/1576
f 1576/1688/1576 1672/1785/1672 1673/1786/1673 1577/1689/1577
f 1577/1689/1577 1673/1786/1673 1674/1787/1674 1578/1690/1578
f 1578/1690/1578 1674/1787/1674 1675/1788/1675 1579/1691/1579
f 1579/1691/1579 1675/1788/1675 1676/1789/1676 1580/1692/1580
f 1580/1692/1580 1676/1789/1676 1677/1790/1677 1581/1693/1581
f 1581/1693/1581 1677/1790/1677 1678/1791/1678 1582/1694/1582
f 1582/1694/1582 1678/1791/1678 1679/1792/1679 1583/1695/1583
f 1583/1695/1583 1679/1792/1679 1680/1793/1680 1584/1696/1584
f 1584/1696/1584 1680/1793/1680 1681/1794/1681 1585/1697/1585
f 1585/1697/1585 1681/1794/1681 1682/1795/1682 1586/1698/1586
f 1586/1698/1586 1682/1795/1682 1683/1796/1683 1587/1699/1587
f 1587/1699/1587 1683/1796/1683 1684/1797/1684 1588/1700/1588
f 1588/1700/1588 1684/1797/1684 1685/1798/1685 1589/1701/1589
f 1589/1701/1589 1685/1798/1685 1686/1799/1686 1590/1702/1590
f 1590/1702/1590 1686/1799/1686 1687/1800/1687 1591/1703/1591
f 1591/1703/1591 1687/1800/1687 1688/1801/1688 1592/1704/1592
f 1592/1704/1592 1688/1801/1688 1689/1802/1689 1593/1705/1593
f 1593/1705/1593 1689/1802/1689 1690/1803/1690 1594/1706/1594
f 1594/1706/1594 1690/1803/1690 1691/1804/1691 1595/1707/1595
f 1595/1707/1595 1691/1804/1691 1692/1805/1692 1596/1708/1596
f 1596/1708/1596 1692/1805/1692 1693/1806/1693 1597/1709/1597
f 1597/1709/1597 1693/1806/1693 1694/1807/1694 1598/1710/1598
f 1598/1710/1598 1694/1807/1694 1695/1808/1695 1599/1711/1599
f 1599/1711/1599 1695/1808/1695 1696/1809/1696 1600/1712/1600
f 1600/1712/1600 1696/1809/1696 1697/1810/1697 1601/1713/1601
f 1601/1713/1601 1697/1810/1697 1698/1811/1698 1602/1714/1602
f 1602/1714/1602 1698/1811/1698 1699/1812/1699 1603/1715/1603
f 1603/1715/1603 1699/1812/1699 1700/1813/1700 1604/1716/1604
f 1604/1716/1604 1700/1813/1700 1701/1814/1701 1605/1717/1605
f 1605/1717/1605 1701/1814/1701 1702/1815/1702 1606/1718/1606
f 1606/1718/1606 1702/1815/1702 1703/1816/1703 1607/1719/1607
f 1607/1719/1607 1703/1816/1703 1704/1817/1704 1608/1720/1608
f 1608/1720/1608 1704/1817/1704 1705/1818/1705 1609/1721/1609
f 1609/1721/1609 1705/1818/1705 1706/1819/1706 1610/1722/1610
f 1610/1722/1610 1706/1819/1706 1707/1820/1707 1611/1723/1611
f 1611/1723/1611 1707/1820/1707 1708/1821/1708 1612/1724/1612
f 1612/1724/1612 1708/1821/1708 1709/1822/1709 1613/1725/1613
f 1613/1725/1613 1709/1822/1709 1710/1823/1710 1614/1726/1614
f 1614/1726/1614 1710/1823/1710 1711/1824/1711 1615/1727/1615
f 1615/1727/1615 1711/1824/1711 1712/1825/1712 1616/1728/1616
f 1616/1728/1616 1712/1825/1712 1713/1826/1713 1617/1729/1617
f 1617/1729/1617 1713/1826/1713 1714/1827/1714 1618/1730/1618
f 1618/1730/1618 1714/1827/1714 1715/1828/1715 1619/1731/1619
f 1619/1731/1619 1715/1828/1715 1716/1829/1716 1620/1732/1620
f 1620/1732/1620 1716/1829/1716 1717/1830/1717 1621/1733/1621
f 1621/1733/1621 1717/1830/1717 1718/1831/1718 1622/1734/1622
f 1622/1734/1622 1718/1831/1718 1719/1832/1719 1623/1735/1623
f 1623/1735/1623 1719/1832/1719 1720/1833/1720 1624/1736/1624
f 1624/1736/1624 1720/1833/1720 1721/1834/1721 1625/1737/1625
f 1625/1737/1625 1721/1834/1721 1722/1835/1722 1626/1738/1626
f 1626/1738/1626 1722/1835/1722 1723/1836/1723 1627/1739/1627
f 1627/1739/1627 1723/1836/1723 1724/1837/1724 1628/1740/1628
f 1628/1740/1628 1724/1837/1724 1725/1838/1725 1629/1741/1629
f 1629/1741/1629 1725/1838/1725 1726/1839/1726 1630/1742/1630
f 1630/1742/1630 1726/1839/1726 1727/1840/1727 1631/1743/1631
f 1631/1743/1631 1727/1840/1727 1728/1841/1728 1632/1744/1632
f 1632/1744/1632 1728/1841/1728 1729/1842/1729 1633/1745/1633
f 1633/1745/1633 1729/1842/1729 1634/1843/1634 1538/1746/1538
f 1634/1747/1634 1730/1844/1730 1731/1845/1731 1635/1748/1635
f 1635/1748/1635 1731/1845/1731 1732/1846/1732 1636/1749/1636
f 1636/1749/1636 1732/1846/1732 1733/1847/1733 1637/1750/1637
f 1637/1750/1637 1733/1847/1733 1734/1848/1734 1638/1751/1638
f 1638/1751/1638 1734/1848/1734 1735/1849/1735 1639/1752/1639
f 1639/1752/1639 1735/1849/1735 1736/1850/1736 1640/1753/1640
f 1640/1753/1640 1736/1850/1736 1737/1851/1737 1641/1754/1641
f 1641/1754/1641 1737/1851/1737 1738/1852/1738 1642/1755/1642
f 1642/1755/1642 1738/1852/1738 1739/1853/1739 1643/1756/1643
f 1643/1756/1643 1739/1853/1739 1740/1854/1740 1644/1757/1644
f 1644/1757/1644 1740/1854/1740 1741/1855/1741 1645/1758/1645
f 1645/1758/1645 1741/1855/1741 1742/1856/1742 1646/1759/1646
f 1646/1759/1646 1742/1856/1742 1743/1857/1743 1647/1760/1647
f 1647/1760/1647 1743/1857/1743 1744/1858/1744 1648/1761/1648
f 1648/1761/1648 1744/1858/1744 1745/1859/1745 1649/1762/1649
f 1649/1762/1649 1745/1859/1745 1746/1860/1746 1650/1763/1650
f 1650/1763/1650 1746/1860/1746 1747/1861/1747 1651/1764/1651
f 1651/1764/1651 1747/1861/1747 1748/1862/1748 1652/1765/1652
f 1652/1765/1652 1748/1862/1748 1749/1863/1749 1653/1766/1653
f 1653/1766/1653 1749/1863/1749 1750/1864/1750 1654/1767/1654
f 1654/1767/1654 1750/1864/1750 1751/1865/1751 1655/1768/1655
f 1655/1768/1655 1751/1865/1751 1752/1866/1752 1656/1769/1656
f 1656/1769/1656 1752/1866/1752 1753/1867/1753 1657/1770/1657
f 1657/1770/1657 1753/1867/1753 1754/1868/1754 1658/1771/1658
f 1658/1771/1658 1754/1868/1754 1755/1869/1755 1659/1772/1659
f 1659/1772/1659 1755/1869/1755 1756/1870/1756 1660/1773/1660
f 1660/1773/1660 1756/1870/1756 1757/1871/1757 1661/1774/1661
f 1661/1774/1661 1757/1871/1757 1758/1872/1758 1662/1775/1662
f 1662/1775/1662 1758/1872/1758 1759/1873/1759 1663/1776/1663
f 1663/1776/1663 1759/1873/1759 1760/1874/1760 1664/1777/1664
f 1664/1777/1664 1760/1874/1760 1761/1875/1761 1665/1778/1665
f 1665/1778/1665 1761/1875/1761 1762/1876/1762 1666/1779/1666
f 1666/1779/1666 1762/1876/1762 1763/1877/1763 1667/1780/1667
f 1667/1780/1667 1763/1877/1763 1764/1878/1764 1668/1781/1668
f 1668/1781/1668 1764/1878/1764 1765/1879/1765 1669/1782/1669
f 1669/1782/1669 1765/1879/1765 1766/1880/1766 1670/1783/1670
f 1670/1783/1670 1766/1880/1766 1767/1881/1767 1671/1784/1671
f 1671/1784/1671 1767/1881/1767 1768/1882/1768 1672/1785/1672
f 1672/1785/1672 1768/1882/1768 1769/1883/1769 1673/1786/1673
f 1673/1786/1673 1769/1883/1769 1770/1884/1770 1674/1787/1674
f 1674/1787/1674 1770/1884/1770 1771/1885/1771 1675/1788/1675
f 1675/1788/1675 1771/1885/1771 1772/1886/1772 1676/1789/1676
f 1676/1789/1676 1772/1886/1772 1773/1887/1773 1677/1790/1677
f 1677/1790/1677 1773/1887/1773 1774/1888/1774 1678/1791/1678
f 1678/1791/1678 1774/1888/1774 1775/1889/1775 1679/1792/1679
f 1679/1792/1679 1775/1889/1775 1776/1890/1776 1680/1793/1680
f 1680/1793/1680 1776/1890/1776 1777/1891/1777 1681/1794/1681
f 1681/1794/1681 1777/1891/1777 1778/1892/1778 1682/1795/1682
f 1682/1795/1682 1778/1892/1778 1779/1893/1779 1683/1796/1683
f 1683/1796/1683 1779/1893/1779 1780/1894/1780 1684/1797/1684
f 1684/1797/1684 1780/1894/1780 1781/1895/1781 1685/1798/1685
f 1685/1798/1685 1781/1895/1781 1782/1896/1782 1686/1799/1686
f 1686/1799/1686 1782/1896/1782 1783/1897/1783 1687/1800/1687
f 1687/1800/1687 1783/1897/1783 1784/1898/1784 1688/1801/1688
f 1688/1801/1688 1784/1898/1784 1785/1899/1785 1689/1802/1689
f 1689/1802/1689 1785/1899/1785 1786/1900/1786 1690/1803/1690
f 1690/1803/1690 1786/1900/1786 1787/1901/1787 1691/1804/1691
f 1691/1804/1691 1787/1901/1787 1788/1902/1788 1692/1805/1692
f 1692/1805/1692 1788/1902/1788 1789/1903/1789 1693/1806/1693
f 1693/1806/1693 1789/1903/1789 1790/1904/1790 1694/1807/1694
f 1694/1807/1694 1790/1904/1790 1791/1905/1791 1695/1808/1695
f 1695/1808/1695 1791/1905/1791 1792/1906/1792 1696/1809/1696
f 1696/1809/1696 1792/1906/1792 1793/1907/1793 1697/1810/1697
f 1697/1810/1697 1793/1907/1793 1794/1908/1794 1698/1811/1698
f 1698/1811/1698 1794/1908/1794 1795/1909/1795 1699/1812/1699
f 1699/1812/1699 1795/1909/1795 1796/1910/1796 1700/1813/1700
f 1700/1813/1700 1796/1910/1796 1797/1911/1797 1701/1814/1701
f 1701/1814/1701 1797/1911/1797 1798/1912/1798 1702/1815/1702
f 1702/1815/1702 1798/1912/1798 1799/1913/1799 1703/1816/1703
f 1703/1816/1703 1799/1913/1799 1800/1914/1800 1704/1817/1704
f 1704/1817/1704 1800/1914/1800 1801/1915/1801 1705/1818/1705
f 1705/1818/1705 1801/1915/1801 1802/1916/1802 1706/1819/1706
f 1706/1819/1706 1802/1916/1802 1803/1917/1803 1707/1820/1707
f 1707/1820/1707 1803/1917/1803 1804/1918/1804 1708/1821/1708
f 1708/1821/1708 1804/1918/1804 1805/1919/1805 1709/1822/1709
f 1709/1822/1709 1805/1919/1805 1806/1920/1806 1710/1823/1710
f 1710/1823/1710 1806/1920/1806 1807/1921/1807 1711/1824/1711
f 1711/1824/1711 1807/1921/1807 1808/1922/1808 1712/1825/1712
f 1712/1825/1712 1808/1922/1808 1809/1923/1809 1713/1826/1713
f 1713/1826/1713 1809/1923/1809 1810/1924/1810 1714/1827/1714
f 1714/1827/1714 1810/1924/1810 1811/1925/1811 1715/1828/1715
f 1715/1828/1715 1811/1925/1811 1812/1926/1812 1716/1829/1716
f 1716/1829/1716 1812/1926/1812 1813/1927/1813 1717/1830/1717
f 1717/1830/1717 1813/1927/1813 1814/1928/1814 1718/1831/1718
f 1718/1831/1718 1814/1928/1814 1815/1929/1815 1719/1832/1719
f 1719/1832/1719 1815/1929/1815 1816/1930/1816 1720/1833/1720
f 1720/1833/1720 1816/1930/1816 1817/1931/1817 1721/1834/1721
f 1721/1834/1721 1817/1931/1817 1818/1932/1818 1722/1835/1722
f 1722/1835/1722 1818/1932/1818 1819/1933/1819 1723/1836/1723
f 1723/1836/1723 1819/1933/1819 1820/1934/1820 1724/1837/1724
f 1724/1837/1724 1820/1934/1820 1821/1935/1821 1725/1838/1725
f 1725/1838/1725 1821/1935/1821 1822/1936/1822 1726/1839/1726
f 1726/1839/1726 1822/1936/1822 1823/1937/1823 1727/1840/1727
f 1727/1840/1727 1823/1937/1823 1824/1938/1824 1728/1841/1728
f 1728/1841/1728 1824/1938/1824 1825/1939/1825 1729/1842/1729
f 1729/1842/1729 1825/1939/1825 1730/1940/1730 1634/1843/1634
f 1730/1844/1730 1826/1941/1826 1731/1845/1731
f 1731/1845/1731 1826/1942/1826 1732/1846/1732
f 1732/1846/1732 1826/1943/1826 1733/1847/1733
f 1733/1847/1733 1826/1944/1826 1734/1848/1734
f 1734/1848/1734 1826/1945/1826 1735/1849/1735
f 1735/1849/1735 1826/1946/1826 1736/1850/1736
f 1736/1850/1736 1826/1947/1826 1737/1851/1737
f 1737/1851/1737 1826/1948/1826 1738/1852/1738
f 1738/1852/1738 1826/1949/1826 1739/1853/1739
f 1739/1853/1739 1826/1950/1826 1740/1854/1740
f 1740/1854/1740 1826/1951/1826 1741/1855/1741
f 1741/1855/1741 1826/1952/1826 1742/1856/1742
f 1742/1856/1742 1826/1953/1826 1743/1857/1743
f 1743/1857/1743 1826/1954/1826 1744/1858/1744
f 1744/1858/1744 1826/1955/1826 1745/1859/1745
f 1745/1859/1745 1826/1956/1826 1746/1860/1746
f 1746/1860/1746 1826/1957/1826 1747/1861/1747
f 1747/1861/1747 1826/1958/1826 1748/1862/1748
f 1748/1862/1748 1826/1959/1826 1749/1863/1749
f 1749/1863/1749 1826/1960/1826 1750/1864/1750
f 1750/1864/1750 1826/1961/1826 1751/1865/1751
f 1751/1865/1751 1826/1962/1826 1752/1866/1752
f 1752/1866/1752 1826/1963/1826 1753/1867/1753
f 1753/1867/1753 1826/1964/1826 1754/1868/1754
f 1754/1868/1754 1826/1965/1826 1755/1869/1755
f 1755/1869/1755 1826/1966/1826 1756/1870/1756
f 1756/1870/1756 1826/1967/1826 1757/1871/1757
f 1757/1871/1757 1826/1968/1826 1758/1872/1758
f 1758/1872/1758 1826/1969/1826 1759/1873/1759
f 1759/1873/1759 1826/1970/1826 1760/1874/1760
f 1760/1874/1760 1826/1971/1826 1761/1875/1761
f 1761/1875/1761 1826/1972/1826 1762/1876/1762
f 1762/1876/1762 1826/1973/1826 1763/1877/1763
f 1763/1877/1763 1826/1974/1826 1764/1878/1764
f 1764/1878/1764 1826/1975/1826 1765/1879/1765
f 1765/1879/1765 1826/1976/1826 1766/1880/1766
f 1766/1880/1766 1826/1977/1826 1767/1881/1767
f 1767/1881/1767 1826/1978/1826 1768/1882/1768
f 1768/1882/1768 1826/1979/1826 1769/1883/1769
f 1769/1883/1769 1826/1980/1826 1770/1884/1770
f 1770/1884/1770 1826/1981/1826 1771/1885/1771
f 1771/1885/1771 1826/1982/1826 1772/1886/1772
f 1772/1886/1772 1826/1983/1826 1773/1887/1773
f 1773/1887/1773 1826/1984/1826 1774/1888/1774
f 1774/1888/1774 1826/1985/1826 1775/1889/1775
f 1775/1889/1775 1826/1986/1826 1776/1890/1776
f 1776/1890/1776 1826/1987/1826 1777/1891/1777
f 1777/1891/1777 1826/1988/1826 1778/1892/1778
f 1778/1892/1778 1826/1989/1826 1779/1893/1779
f 1779/1893/1779 1826/1990/1826 1780/1894/1780
f 1780/1894/1780 1826/1991/1826 1781/1895/1781
f 1781/1895/1781 1826/1992/1826 1782/1896/1782
f 1782/1896/1782 1826/1993/1826 1783/1897/1783
f 1783/1897/1783 1826/1994/1826 1784/1898/1784
f 1784/1898/1784 1826/1995/1826 1785/1899/1785
f 1785/1899/1785 1826/1996/1826 1786/1900/1786
f 1786/1900/1786 1826/1997/1826 1787/1901/1787
f 1787/1901/1787 1826/1998/1826 1788/1902/1788
f 1788/1902/1788 1826/1999/1826 1789/1903/1789
f 1789/1903/1789 1826/2000/1826 1790/1904/1790
f 1790/1904/1790 1826/2001/1826 1791/1905/1791
f 1791/1905/1791 1826/2002/1826 1792/1906/1792
f 1792/1906/1792 1826/2003/1826 1793/1907/1793
f 1793/1907/1793 1826/2004/1826 1794/1908/1794
f 1794/1908/1794 1826/2005/1826 1795/1909/1795
f 1795/1909/1795 1826/2006/1826 1796/1910/1796
f 1796/1910/1796 1826/2007/1826 1797/1911/1797
f 1797/1911/1797 1826/2008/1826 1798/1912/1798
f 1798/1912/1798 1826/2009/1826 1799/1913/1799
f 1799/1913/1799 1826/2010/1826 1800/1914/1800
f 1800/1914/1800 1826/2011/1826 1801/1915/1801
f 1801/1915/1801 1826/2012/1826 1802/1916/1802
f 1802/1916/1802 1826/2013/1826 1803/1917/1803
f 1803/1917/1803 1826/2014/1826 1804/1918/1804
f 1804/1918/1804 1826/2015/1826 1805/1919/1805
f 1805/1919/1805 1826/2016/1826 1806/1920/1806
f 1806/1920/1806 1826/2017/1826 1807/1921/1807
f 1807/1921/1807 1826/2018/1826 1808/1922/1808
f 1808/1922/1808 1826/2019/1826 1809/1923/1809
f 1809/1923/1809 1826/2020/1826 1810/1924/1810
f 1810/1924/1810 1826/2021/1826 1811/1925/1811
f 1811/1925/1811 1826/2022/1826 1812/1926/1812
f 1812/1926/1812 1826/2023/1826 1813/1927/1813
f 1813/1927/1813 1826/2024/1826 1814/1928/1814
f 1814/1928/1814 1826/2025/1826 1815/1929/1815
f 1815/1929/1815 1826/2026/1826 1816/1930/1816
f 1816/1930/1816 1826/2027/1826 1817/1931/1817
f 1817/1931/1817 1826/2028/1826 1818/1932/1818
f 1818/1932/1818 1826/2029/1826 1819/1933/1819
f 1819/1933/1819 1826/2030/1826 1820/1934/1820
f 1820/1934/1820 1826/2031/1826 1821/1935/1821
f 1821/1935/1821 1826/2032/1826 1822/1936/1822
f 1822/1936/1822 1826/2033/1826 1823/1937/1823
f 1823/1937/1823 1826/2034/1826 1824/1938/1824
f 1824/1938/1824 1826/2035/1826 1825/1939/1825
f 1825/1939/1825 1826/2036/1826 1730/1940/1730
